id,gr,motiv,pre_sc,math_sc,sci,pass
23926,4,80.88924311329771,1.2129431851245398,49.969867275239295,598.1783947947315,1
31464,1,62.60342797700198,1.250998286664734,56.891867285945416,611.6506972761133,0
42404,2,85.45783754453775,0.40462748402784837,66.24704360511342,409.39813090170446,1
19892,5,102.34611994883011,2.664401484423321,55.246632983502984,1185.3009588613336,1
76184,3,97.08308716256646,2.2353430599824424,67.59779063838266,1193.5657866982303,1
58204,5,69.99991284646974,0.15801374925273282,61.994056494000084,267.10349706139226,1
38741,2,53.212991080016835,0.16767338514879046,77.59902399089299,233.73830781302857,0
72934,1,84.29749952792109,0.13039234397235697,72.38330534373675,306.7725096604353,1
11248,1,75.63090479152937,0.4153514857125325,74.67166498362154,406.3531088238721,0
80068,1,52.890671374440544,5.497033164433504,73.70072471570967,2583.136043215337,1
17435,2,61.97406739933563,0.6147114470111217,69.20186878171317,439.6495533770771,0
72685,4,49.78128549159997,0.6392252731001112,67.69431011644413,401.1099890192788,0
91175,2,69.09936484346841,0.22508905536200308,64.99755353791039,286.4701762603808,0
30104,2,52.71069481841292,1.7402720768093585,57.83262386948077,758.4076461758389,0
20732,1,93.11725695068877,1.0485382207372367,54.49339444750569,614.9271033659705,1
55484,4,79.56969110736595,3.726753301866284,69.29550488616736,1785.6068844619901,1
17753,5,62.068614419226904,0.7148229348362948,54.500586763360815,415.3975733213623,0
99371,3,48.68323288464693,1.5471493839147479,48.66158246188483,586.6568293242317,1
87933,4,74.76178863352636,0.12165329000782693,85.61132955633741,281.47649759620066,1
96189,4,82.72284690312091,0.3460267123557711,66.61413694750972,381.0799040638411,1
66023,3,76.04863301790635,0.390233926571253,56.96259718796029,358.9681480392975,0
81593,4,75.94638479926556,10.69033389250657,78.75536566696104,5275.3421503787085,1
19767,2,76.87839507391283,1.0977901197948483,67.97884929468772,677.0954938905105,1
70402,5,82.77633169681201,0.3081560125034032,73.25439286219454,382.1199756385939,1
21154,4,89.05061630610834,0.985397781444613,73.93595567631382,696.7485543549103,1
90020,2,77.58899010546484,0.13836695178187447,59.056970127527656,277.39415351757987,0
48364,5,58.349429612502504,0.9098769183489811,78.58059331873392,600.6354322775306,0
76182,4,58.19825267061901,1.3699474982830522,81.6730044769073,841.5070532569594,1
59749,2,63.46011662267294,0.48058138290548297,53.38950865294191,335.6445086508372,0
45530,5,67.8143889279517,2.464011255266577,63.31282087744116,1133.8784255344954,0
27156,1,92.82657405907855,1.416855650999642,47.09679663509047,670.1303928582344,1
58283,1,71.69303904781879,0.6507268233989536,45.6938224372628,388.62591749107423,1
39820,2,78.24266570574189,6.774709291259739,55.64014530757027,2488.3762334171233,1
33475,1,70.6759657651541,1.1402999769803628,50.52908635570304,555.2505688391838,0
90860,3,91.01128595492904,0.2765760197338004,58.62414978054598,364.91705387222277,1
80572,2,103.45491557181988,0.18205648123159654,44.70474144704984,352.897175445592,1
83037,2,92.77486056652388,0.5441319249877579,86.27669084500556,553.3751756008137,1
70181,3,66.92805037275983,0.13517445901219835,58.97116825548595,244.03435316578907,0
92962,5,74.5433214957776,1.999893104122087,72.48462732898993,1088.1370551852035,1
62693,3,63.2411055366538,4.126101424273333,71.85968703286107,1965.6237675535751,0
57408,1,66.9165233359148,0.5211463071688538,78.70507560124557,439.7176436401616,1
47216,1,77.3481053778876,3.1537525205207073,44.33527968665632,1068.267573863104,1
18563,3,79.34309512616167,1.3569454635524658,53.75503033156496,671.4712673098752,1
69688,2,60.847658231936194,3.4745855378388715,69.8912055132311,1638.5876760619112,1
59967,1,61.458282341462365,1.728125128030335,76.84328248917956,977.2112691437184,1
13852,4,79.94776346272003,0.2551243409341016,81.12146658548025,357.37860046612474,1
11263,2,61.59929940372274,1.0342370705873902,55.01457678275428,521.9908261949869,0
72084,4,90.41924372679716,4.8719326293274445,63.15176120360982,2112.2885131031467,1
36057,5,71.40726789361396,1.4188300913368739,70.98452985751814,816.5820777446469,0
32027,4,66.03272342129193,0.722314431587764,49.11957442377525,401.1161757496651,0
92872,1,86.63419969758861,3.9074403094778773,62.607998718738656,1723.818138646973,1
78077,1,61.55515920681723,0.6919799217374882,73.73739402101481,484.7185934280699,0
92940,3,65.01457213967376,0.4393184607326446,73.0704487208852,385.00705408970214,1
76030,3,50.28234874167329,2.799472804188574,64.44874317678284,1228.8080057460338,0
42841,3,67.16343155552082,0.3523231085943708,43.62631949022789,292.61414394761545,0
31926,5,69.5883492298039,2.0708267839469183,58.87939267669383,935.680421330445,1
21211,2,66.98398543738686,0.6789264221240701,80.50942952530218,521.3962555852388,0
77626,5,73.92937802322446,1.7173885749347384,55.35571578640196,785.4576082980561,1
64847,3,89.46710395005839,0.9950272767549838,60.44434034683118,625.6571132962154,0
91918,2,59.720155272723424,2.830159702968702,63.258889267236235,1248.527733888074,0
11501,1,86.81201307901453,0.44403232313338264,62.675196145504664,422.9322823633367,1
49256,3,89.45977728845881,6.853205646208823,60.37180819659485,2746.0157281936586,1
85313,4,87.7015708981443,1.577758748265037,67.16987783038047,894.6881955037334,1
14826,2,85.31527117231425,0.9535061901769875,45.23969241839566,509.61727048793006,0
84126,4,90.84002867093001,0.2134344809481445,48.09024935626107,330.37469206454443,1
99058,3,87.8767553059851,1.1960190078085855,81.39216068124468,845.3225242905793,1
97934,3,79.30691816375344,3.929887596748601,74.76038797879033,1994.341528280571,1
37067,3,65.79036774705902,0.3923578157192115,71.08373055350184,361.5056895514494,1
79448,2,60.628798087851735,3.8134596986694893,81.08331126236942,2034.6789239807706,0
27852,4,68.58283362498054,0.1654752544784532,76.77265617098074,279.10185915045383,0
69298,5,83.10386825010193,0.6628527034124917,56.912698806708875,469.22477053726385,1
82097,2,61.14058887487938,0.3778124540616036,60.5365747390698,310.361288786955,0
63131,5,76.86574228595036,1.3968750307532312,82.27725832856812,915.0686986129083,0
82032,4,85.67015154431363,0.524610190649751,89.35582131829074,530.2974389656321,0
53254,3,71.23800560922008,0.37493176911786286,71.34197748893553,368.4282951717785,0
25013,2,82.0632278262146,0.9580404344942582,61.13360730535133,586.181287463697,0
20025,1,61.577606000131055,0.5207604124410096,74.21844788342327,408.1564978088578,0
90640,2,78.18621687068149,0.525704638963161,72.21781967598879,457.1338078421652,1
54902,3,60.84225597837757,0.31590882131902703,73.81316479263164,321.960082564773,0
17782,1,66.87634872813412,1.5053083195535746,66.70696204442301,798.6845502176596,0
30460,2,79.50211861553521,0.0507379512093903,43.05848068976314,247.3363475879965,1
15669,1,66.82335323078026,2.0187136132020176,62.96026329412799,956.8017481618378,1
38622,4,68.96161733474841,1.0420808493367344,55.86088754801306,551.7825408138891,0
45390,5,70.54981276180332,0.9475411446074478,40.553794176129124,435.49329412356843,1
93902,2,73.59904810574777,0.35414753283769485,72.96959848144505,371.03009803554613,1
67925,3,58.31655767478181,2.6574823298709456,54.74865715240915,1041.9002098383303,1
65028,5,59.90198750339468,1.149439172057977,78.54206358799206,716.4437074801169,1
99313,3,71.99681683402359,0.44139935269932085,67.15127835297508,387.67330374240225,0
13912,1,83.70536512931575,2.090775597502288,51.115604369380506,892.0875008220614,0
56476,2,65.67284293790657,0.673210295854204,57.511294706347755,423.33443552521317,0
23784,1,77.55603572560008,0.39615136026726894,52.55255886312236,353.57313521996116,1
56097,4,76.27563292348674,0.7659900679944089,66.71030301368995,531.9725454026114,0
46677,4,68.27431792065553,0.09501308423355113,56.41191713632026,230.8922034326878,1
95448,1,81.33372082153136,0.593621401563035,65.17588614348263,470.02236746017746,0
52523,1,65.50020581446816,0.7569196850021866,35.4342138787624,349.0687067986622,0
38966,2,88.56666122328843,0.46188724959088645,59.22200511613454,427.56646759541763,1
29212,4,53.2412803468468,2.321396631518677,84.02485041439826,1325.9855703387757,0
33838,1,63.08084342464022,2.0362492496862314,72.84197051067044,1075.8750376676394,1
80422,5,93.89050532946527,0.26316321190405895,88.25816301116637,415.18844194876584,1
66783,2,80.25713057370105,1.2098641857413646,61.0258317462534,679.377342280878,0
61473,1,58.22800090068093,0.19274448757672152,77.7906996019648,258.698609925125,1
72304,1,73.23860550460725,0.5838451739292827,72.6602274075344,467.22833661958305,1
21957,1,91.70408536495145,0.6057725488130759,72.00386213709481,534.9409023680098,1
16769,5,76.99438466424827,0.6565997716470786,57.06649600292495,449.282212081445,1
75999,1,90.12901241165628,0.6931880479506404,65.77515449588704,541.9131400085579,1
21177,4,50.57622032604871,2.6576869275641015,57.63234155317538,1065.7080752070099,1
41070,5,75.26962176080835,0.7571404603545124,77.93681266037612,574.4422555057622,1
79996,5,72.65108578094784,3.0861307455035534,52.376974696603206,1183.1084322632819,1
32817,4,37.852469665013146,0.280301642169679,43.81778208915378,184.32523607406512,0
38202,1,67.77655991508047,1.5897364821303215,78.03978790734581,941.6491054770258,1
54033,3,56.059699070011746,1.0526457574144503,58.7685904913012,533.8965486144975,0
62691,4,89.09444193414566,4.540411259111013,52.4286099285556,1689.5631966334736,1
88662,1,70.34812242241186,1.212438004243732,66.12000633413146,688.1624920098608,1
96737,3,76.87338256983969,1.437753008056841,61.093847091746994,751.3135807557128,1
48520,5,77.4613365381382,2.716688782379195,60.2159806980533,1208.137455588212,0
47478,1,65.54887451222731,0.3975383739435574,78.42993049143733,383.0411510048138,0
72826,4,64.36674263930523,6.679779969805257,58.94049836224549,2551.2980854931043,0
51469,2,62.04063668144477,0.10617703366673921,45.080437301570385,210.95007684892346,0
13960,3,59.03652553717069,0.16630019122182646,66.45056149951145,239.5670127489206,0
14304,5,68.65535106506081,0.969490871382561,64.55113584217901,570.3998294136052,1
38222,5,79.66402875525922,0.26297480688277997,69.35006435937333,343.3806053296507,1
42021,5,83.32817782227197,0.2890072381397357,49.84665772338819,331.1565271090271,1
63715,4,70.0276686210628,1.2563360802765686,74.40590936386445,765.1835774636944,1
16420,1,94.43948429130275,1.3332299147797213,55.361832839620014,721.6739296490634,1
90862,5,84.10849029696527,1.3636731460842288,88.80735198200875,972.7840142182283,1
42442,1,74.39948431481746,1.0298779575275807,70.78394226222345,654.6011614587263,1
37589,5,72.82282506370657,0.3181876936351978,58.73510865515777,323.78270407888436,1
93020,5,76.47181420607424,0.1420881044396387,52.48254543374854,265.21732156334474,0
23343,2,86.10262160104918,0.8743253726252942,43.87291165409549,481.9240941169537,1
36254,5,57.59755306302053,5.2018081944918935,78.13097738591702,2610.6535563560788,1
87365,2,63.824092164676884,0.42491565997052755,69.90087598554291,366.65802546716895,0
12388,3,60.254272191599604,2.8144741549783383,53.563377195868554,1078.0414166336475,0
75292,2,78.78363640462689,1.0655701046786143,81.7346236511369,752.7526209105572,1
27879,3,95.82128117049876,0.35854083855860136,55.2769628009614,402.93583995538455,1
19440,4,71.67747269689087,3.785712046155905,54.17224172539087,1440.3764573514911,1
68844,4,101.97448035565,0.49622906019889157,58.22583366998246,475.0299417028173,1
42523,4,70.65182863306678,3.169546735398827,66.9830630732637,1481.6205641871443,1
57145,3,57.301770693167356,0.6236021026426115,63.02442719732725,401.009593905621,1
74235,1,62.18530909347418,1.3975314410206665,75.27807071180034,816.0058182701115,1
92574,3,76.61813543009522,1.074893334866656,52.49301462140995,563.3550229667477,0
38045,2,83.96972935432761,2.766155360139734,66.75215583948066,1358.0995183974578,1
45885,5,94.81693354121788,0.22532145262984898,84.12605712343333,395.9844509699152,1
25600,3,95.58780254786242,0.2467273193819138,67.07469565843093,382.0196858776162,1
85486,2,67.93614487124017,3.172830032393532,86.78502065737716,1852.271868913758,1
21320,5,55.48912358712761,0.2207846410226083,69.23363369526007,256.04119300063337,1
55849,3,60.284459219865184,0.6969592534813297,61.00328910456241,426.2046198881318,1
11637,5,73.13711226842717,3.075131599344326,48.0906033834491,1101.6976419611021,1
95079,3,82.5313106570458,0.2775457022592539,60.37177502553102,342.52644129408435,1
38752,4,59.89063689490031,0.9929114662526374,84.12377866886294,675.817187335729,1
94378,5,79.27298361075734,0.32159658466083485,43.073622564244985,316.23029457475457,1
20974,2,87.16249744271924,8.953059566069387,58.45552805799745,3395.48055219664,1
10895,2,92.55183265507057,0.3098507706150745,71.11745662115212,404.9894129690854,1
70652,2,80.58259369574954,0.4244688632582993,76.82629571253662,430.19917385763785,1
47719,3,79.09206716589314,0.10157263936003984,52.575474090385434,264.11818227515784,1
99122,5,81.96893964221356,2.463543652401366,76.72432947186499,1374.1646779343102,1
16290,1,75.4301964912912,1.4597733979229532,57.25900516133582,723.9788010070711,0
63246,5,80.08188723453183,3.3202511088580438,71.98111821585837,1670.2276110977887,1
72888,1,87.14688794281504,4.760013901833768,51.56454625591915,1727.2714818075892,1
27726,2,46.63203745699094,0.7475644739755091,73.13714990935875,463.7459804764703,0
53025,5,78.05311823132426,0.3721378976902138,71.58517148619734,387.8033416526761,1
90114,2,73.2366424360215,1.3372920056223592,64.79305042575022,734.9927732693901,1
66375,3,94.562189836595,3.033064402106571,63.82544006929613,1436.4263931046064,1
83403,3,76.53265680084111,0.2796095812481928,60.92652584090945,323.8042493551221,1
96183,4,72.19845956261784,0.33891689813309545,60.29305910623604,332.5592629288704,1
60446,2,81.50808617058563,1.0548539710993647,48.98975141937615,550.5748637967712,1
91785,1,77.13732411726032,0.9815339260415903,69.2962957408411,633.7289312221706,1
35080,4,43.3217464588319,1.6324490832305196,73.04570574748256,839.6576481666954,0
73019,4,98.19988202357649,2.4868601592762034,63.799791874146294,1242.3951970497271,0
61342,5,68.33919982351632,1.8974403473136525,77.5911342453015,1082.5504948689265,1
41704,3,54.50682831146513,0.7951508812009995,70.99923729963919,497.8790761572718,1
15802,5,62.285729035569034,0.7326665601542792,72.14609491815483,500.84834943141226,0
20779,2,78.04624846664866,5.4338545238963265,61.83889422466861,2243.991022553329,1
58876,5,71.32577256912852,1.2172000175345947,75.85632383873966,765.7286066075496,1
94114,4,80.27638645755728,0.40915660679091254,53.471120703476345,366.32933503261734,1
60245,5,53.81402321867229,1.032298557939772,56.339998657243804,508.46333338089477,0
14326,5,62.564431185028994,0.5212070071582261,71.82518683832097,406.4436137095834,1
61520,1,75.40695706410547,0.07009194296835804,57.34538957287026,246.26357139184455,1
80562,4,60.67133303314683,1.6135093362491282,41.302734665947284,577.9242317957948,0
62090,2,52.96977681943004,0.967585112286062,87.76828140828573,662.4091033377308,0
49090,5,79.04323030161636,2.8820886478859884,72.02828012240428,1474.178923546991,0
26323,1,75.49112161952178,0.5476867425963818,71.90426135095873,458.9357407880468,1
90715,2,67.52275796519895,2.149169423718632,79.47799942105823,1221.359375936294,1
38694,2,82.92367098813003,0.9324017631906121,54.41047239557231,548.7648276693089,1
38007,2,63.082857168703725,1.0374631798114233,61.00763747905727,563.8528298162764,0
80343,2,67.58226453940853,0.9421068949296495,81.48857074332369,658.3275052222282,1
61990,1,86.16992415265801,0.2524013159901118,44.33748139968297,322.73056104712526,1
93465,2,85.70904128107216,2.6182703751162784,64.96612800706274,1274.145491077737,1
78544,3,58.35142997162635,0.4033003993991169,67.66378774860003,333.85166185452726,1
22808,4,62.10134662693695,1.5742945655896843,48.9907337510833,639.7163053228528,0
73274,2,61.619787129813176,0.5622802579511548,72.04388319322813,420.0156254404737,1
62084,5,80.46304517723449,0.8629537528748797,52.94681559147369,513.4134202814247,1
26527,4,69.68596572933735,3.343466259537454,60.83540785987182,1424.749521647912,0
36316,3,62.22160816928009,1.398037851757675,76.34711622291834,825.7363133200553,1
13311,5,80.5331950905935,1.9341683076055207,69.27158511165788,1037.7812073540001,1
47024,4,67.54843198728257,0.1256384570427531,70.70267892668488,248.82596730379734,0
57074,5,81.87788308084572,7.259501186487729,53.260955700807465,2559.6483942377868,0
63574,5,73.25475396754658,0.9615335864376651,77.51664597290191,662.312834729883,0
70562,1,86.63931973300251,0.7778083638856809,60.10570386232103,534.8420351943834,1
22392,3,70.95004784793885,0.2337126955818426,72.49396377764755,307.9616672120198,1
98321,4,71.36740095536686,3.492406358338871,53.22677442920149,1324.574352279688,1
65252,4,66.80285979662882,1.6176329039233897,72.16524874187095,895.4029132398626,0
44971,1,81.06121714587289,0.32819417885293284,54.40582378840266,349.9157852156188,0
23830,1,75.64236399630781,0.8575355439871003,71.88492940659944,593.4465751982938,1
97949,3,79.3728531619785,0.5647911190739694,65.68195224771914,452.86788279621777,1
11818,1,69.43003163645432,1.0404345017135148,56.00517677644403,558.1127319002626,0
89025,1,75.5459693364333,0.8957778267619628,65.63301175144166,573.7380466762589,1
56139,3,72.5844228221007,1.7094126013619506,81.54171766975584,1047.1813123426368,0
31443,4,70.2244721449586,9.082548314033717,62.3428869257219,3603.7278729052887,0
59488,1,75.05078732322573,0.5077341474212563,76.69413414474155,457.56582133159156,1
51661,2,71.29030969606418,0.8168606998274142,55.726957137995754,485.5318633925257,1
60427,1,61.12689568774407,0.9498618833367897,73.96850953804766,599.500001309618,0
48106,1,62.63617912762148,3.1405847123178385,72.0915436702907,1540.7941128036343,0
26588,4,83.63986094570546,3.063182284674712,75.47456771057367,1632.6016543601181,1
67300,1,75.09638505921603,1.2947670566879919,64.21001027292485,716.476830121149,1
67160,5,45.75662655545223,0.16375363790664904,60.595426433178694,191.38496817522204,0
14820,2,78.51237885031168,0.2595327319675331,60.89447381950436,323.12270029463053,1
89549,1,81.98344193715045,1.2927695558348162,58.430571540714475,695.5018008290275,1
71938,2,72.03783433654249,2.7744194412295022,57.289196582107905,1163.851863759994,0
75460,4,37.38957100276654,1.2558446816151028,65.88213821978214,600.9276753337427,0
53288,5,70.69741903764076,0.64485040306235,49.30857754864222,401.4843836354826,0
38490,4,78.39131023827633,0.2307050277308408,59.4271703784612,311.6646901148405,1
75398,3,50.03698499430922,0.5156355184487079,81.92896993794032,399.28868235775633,0
90609,5,60.986500603975145,0.5232796757003692,73.92775692728223,413.1958595594118,0
70225,4,80.48510625280213,0.7526783361329408,67.44689118373695,536.8406226202795,1
49123,1,75.22689796352562,0.09029067225419071,80.68664269200983,263.3072625771033,1
43791,4,87.63728574173408,0.45430452878882904,74.36335299666644,459.80658870634176,1
42217,5,82.22413405485993,2.3547993891691994,47.46914476997078,911.4700844652182,1
82432,2,95.86781759422354,0.5914681707875841,76.72958454687601,557.1424059223287,1
40487,5,71.75709897251558,1.34535228851774,60.585128570536554,700.071658584566,1
76445,4,78.62938406374461,0.29025058745375937,74.81583796182122,362.0239571295441,1
45773,1,81.02364483650412,0.2411184433405575,66.5688852753641,332.4118015607883,1
46957,1,64.50770043693493,2.212982600237706,70.31574393494267,1119.7714073096552,1
26526,1,64.02804018603385,0.4969101331433236,67.18964566496624,387.9890590014442,0
93275,2,86.72934825404393,0.2623998721065635,58.60147243117642,350.70989600805683,1
61000,3,50.94454497938165,0.24552027338809426,101.15867461099914,292.0368164999429,1
80757,4,92.10724612470646,1.2209976143410282,71.23004179828261,792.7051430377242,1
67287,4,60.666135644871844,1.0823991194971787,65.20287806657505,600.7886131450141,1
41097,4,66.8592181467097,0.9100775596614656,66.24451156767826,558.2452082487724,0
85924,3,76.05966612743512,0.4585306905003515,53.82829149289534,371.3844446581846,0
80089,3,82.97408548289593,1.0980338572834412,74.96510716729976,739.0117861247107,1
97788,3,85.32135684206465,1.9007329916764235,78.88720181938025,1152.206291071565,1
62126,3,78.88856060785861,2.287231553245888,74.87625805674902,1257.9805143807273,1
82891,1,48.20692207644595,1.5350740650263275,73.27143414847045,817.539204244335,0
26195,4,65.04579802056449,1.036001578158195,64.49796453952732,593.8400451910895,0
63737,2,75.02126063432067,1.0702317374280255,72.93922618222851,691.6397344178241,1
47755,5,85.28756177930623,0.6696045835420228,63.57315090424024,506.08459898170696,1
11871,4,89.58445320728065,1.0025002744565026,76.86274090966901,723.5179616531698,1
99569,2,74.74508135665253,0.593489193084347,93.44133991168518,549.7962881521012,0
72871,4,79.64008750562823,1.3298986167005629,35.70847031336008,521.8788579359768,1
48859,4,72.35747931799581,1.1162789928088384,58.00847002624141,598.2682472334834,0
86456,2,89.70157600727825,2.419028508462252,78.46906730954746,1405.7074422300207,1
27299,1,63.63402668249739,0.9347825238223455,53.4692671354835,485.0427124601022,1
70606,3,68.32587440753328,8.408867088102795,86.25174085991259,4552.148327130834,1
20899,2,78.64776382030941,0.9873888497546739,69.74473583963831,648.3500422841165,1
25300,5,58.1550179726429,1.5808137910495141,60.96479565437245,749.4238625370575,0
27716,1,72.61823619096363,0.9015791054872061,76.3219774422032,625.3635560940727,1
11898,3,61.11891685580331,0.32695317106195815,93.42518076670143,360.0159312471476,0
54028,3,82.23093537577932,6.728848248478376,73.64268698084648,3214.8960951575086,1
35335,2,66.98381507728566,0.1471177161241895,36.56497538820609,227.55416061101946,1
78158,2,65.25507077050028,3.852663768787167,66.46309976295153,1729.194304520021,1
87295,1,75.9307947209336,0.6071113506187681,57.103039749445784,432.3510608029803,1
19538,4,95.2389204844867,2.281281749564019,60.153228268195484,1099.7328491175404,1
81202,3,59.50277985711276,2.417561136552875,76.962856558042,1290.4091744762982,0
84337,4,71.39616806372233,0.2582240560348509,90.33201594464852,350.59586508973723,1
29430,1,75.8669604284018,1.0229303557648048,60.95707727755244,597.0050100514895,1
54164,5,77.66538795481208,1.3441088160895125,69.24461309426333,782.7449767720857,1
97624,2,68.03366224757723,0.13106533656690347,54.153141557379165,242.91356149717592,0
17313,4,106.14259484914774,0.3070427627255063,52.53033820138371,411.0461892084139,1
27001,3,79.03705981615809,0.19252888551187913,67.67248617536207,308.74563569490505,1
78628,2,90.0943108348369,0.4127674970673779,70.57183530310421,439.9944247482983,1
49660,5,56.43910682908046,0.26506650929495723,77.73916674862369,288.018329625911,1
53177,1,83.83325689889372,0.5938942895963253,77.29169304530738,517.2388534113082,1
71272,5,89.02945550304011,0.26666982136351364,54.59378754139796,349.0186849659306,1
55488,5,91.8631068531497,0.33583042351622155,66.90727756566679,402.4283925629373,1
86944,3,69.126904885175,0.5120632225020323,76.0103605048981,433.1325967806441,1
24754,4,61.5047144196777,0.6257622472115764,54.557754628429194,382.54771739137925,0
13357,2,55.67260635794822,1.662023362288243,71.59561113216941,876.1466112868162,0
24364,1,80.58961172405287,0.5119405485423849,69.24964176788171,444.5120468913082,1
62972,5,103.75563762269178,1.1654661707159342,54.5362008441067,688.1529567901138,1
59443,1,70.112155703577,1.0881928246000554,67.69689877275759,643.4699639325033,1
38831,3,64.75292223497489,1.4917403757178058,53.18149452121561,667.6136766929699,0
75268,3,83.3072791200863,0.8000126842580635,81.10935407284504,632.3175681111521,1
39023,2,80.0249984748289,1.9550109870868124,68.17902694216396,1036.947228302619,1
59567,4,74.44725972159165,3.013032117192982,51.18580388722273,1143.6512834468663,1
18348,2,77.35345271346728,0.8515139808469155,65.67551517999607,561.7733287103039,1
39454,4,73.56658281283295,1.633471821649087,68.0001330419712,877.6939230270848,0
40481,3,71.4523657883135,0.9019020798995235,56.72888100833141,516.7354265529746,1
37616,1,66.75538989465039,0.27480045543545006,59.82960195285742,294.9296664297223,1
24594,2,54.957919816621235,0.6819075891346266,38.94407789754068,321.4024749577986,0
39803,4,55.536946315984096,2.969985449123103,72.48083174051953,1453.2983416686595,0
36121,4,77.23330145102962,0.6810132222420875,68.30799928801751,508.8621612528617,0
25695,1,82.25994358629212,1.9139826542172615,73.90858315628594,1089.2902855996383,1
89116,1,63.825657035275036,0.4629623013640142,70.30663980493499,382.10284563807767,0
75188,3,97.09067931390233,2.2725808930724227,28.40801156148477,670.73330450068,1
65769,5,71.22951697837152,2.3272240577273826,58.91371962791405,1028.657640061385,1
17995,2,68.54299421500343,0.7124836938078689,59.827759124211646,456.5014257051474,1
94104,4,68.1817839043849,0.8617977700273496,59.28996458715329,505.671385559822,0
88936,2,66.74947254386801,1.0302991606151437,72.28855371193472,641.2073487204618,0
37812,5,77.55173717144888,1.5898806482359553,68.49174030316784,882.040938075097,1
83284,2,68.00538983914807,4.29967732067,57.00877197447362,1670.487548482124,0
24725,3,73.9986762399804,2.2102283309787145,66.64705611073508,1100.2369165457087,1
33118,3,64.05020006472591,1.5484251966841927,89.53790900187212,1019.542441212692,1
84606,3,79.03375117934101,3.2335508042444814,56.964012109533684,1337.8662444586605,1
29004,4,78.21407468432415,1.7548257486285979,50.40775400174522,762.459311081718,0
37489,2,54.25992510989586,1.2453005312058512,70.04216542829319,677.884258353139,1
76718,3,65.77210168408709,3.2347478048752376,74.08056980815651,1631.1288644238173,0
25418,3,66.34557080353476,0.45853899861976727,49.65622926800109,332.2596750467791,1
43251,1,56.08890141844732,3.165430985018451,69.56709360673503,1487.554548380905,0
79207,2,67.1767076807347,1.3535486779741068,64.397550790937,720.5528377709309,1
67537,4,52.646969684705766,1.503184208777318,63.60780670334697,725.1976823343567,0
34254,5,65.35752792399589,1.0468985620247708,73.63784019904044,651.8638116770696,1
56981,5,48.28957647931886,1.2437335048480551,57.91035058434757,571.9394419857852,0
71315,5,45.40847729749143,2.597812671842256,53.99453324588366,972.2827010449803,0
74091,4,71.58129872308989,0.27765076666708055,74.554577034935,337.1639517922462,0
23051,4,84.03326004573611,0.601159972388712,51.48083299528123,431.32592114404923,0
96604,5,93.43477040408195,1.4950248223336793,63.54626126423564,844.2330140685712,1
34422,1,90.01502325524109,1.5259600226520802,77.63865317368047,973.5028497200431,1
75227,2,68.86450265581723,0.29078009826366263,69.92807519020279,323.5247546715584,1
43906,1,51.02856797853673,3.690942539715429,55.25458072182294,1368.868174554558,0
59990,1,80.34155254042086,0.3486898508329696,67.04643977981208,375.00102985982585,1
23442,2,57.99742271900734,1.010606729343363,62.829679461710874,548.4092897313857,1
77309,2,93.55419158284306,5.366518324056923,87.2925637117841,3085.469621583738,1
29893,5,79.06200683773761,2.0167826793107357,60.23365933819471,957.6769734220707,1
91636,5,89.0338602450196,3.810091290708378,79.91380100707345,2086.440071197405,1
61724,4,58.49489749984079,0.26460160142775857,63.37801973594916,272.4856345529233,0
41637,5,75.74933248368049,5.7563978923575485,59.268388960729276,2265.6298809861173,1
63664,3,82.65716329068613,1.1025655961119158,81.09764990515438,778.1009109935544,1
86940,4,78.44494143991533,0.4884125884648989,61.41964909572668,405.6600385228096,1
60010,2,81.58342692269605,0.7347785223282484,62.67621681189435,511.7377844549241,0
73570,4,80.25451208937959,2.3723195178169862,47.630577356611475,914.3478901972919,1
38899,3,91.71140039099672,6.6291567065050945,48.348699071400354,2189.981772563104,1
63385,4,68.00032010160277,1.7388916457131183,74.55424428444908,976.1043289842497,1
86956,1,70.8774900602109,1.0555284229583037,58.85862202862292,578.9395197889824,1
91409,1,61.51130459420912,0.3824325785770406,67.46446279378522,334.1300745779952,1
36653,3,66.70897021590218,0.8965669102172803,63.64270746005686,536.3160979342022,0
61164,1,78.23049706368113,2.411043642045374,69.07410407550306,1226.8809480745283,0
33575,1,76.7144913354401,2.7487441491716096,85.04247444528258,1629.6427646856087,1
38179,3,57.12533233665994,1.0357712248485507,80.03356911342038,664.7997515931621,1
73769,4,68.14873767057712,0.5319439015773979,67.49891474796733,416.19073182997215,1
36469,2,59.08795640100857,0.44737916905212227,53.83620955737913,315.3586559994571,0
87855,4,87.32084297928265,0.9580579617158028,62.917642361767996,615.7525734021011,0
43414,4,68.05641358725723,0.2917961714549883,86.26620470772534,344.48989181105026,1
22613,2,71.92626206614518,2.026734479945208,65.22890346705385,1003.0726645675195,1
66358,2,74.77273678157384,1.1645616230475413,64.743752087395393,670.18671095957,1
26445,3,92.04538688926897,2.4248499330052207,62.99675609571901,1188.5580570663965,1
87339,2,81.98189646477327,0.7941007547742376,65.46123400775505,553.515045242691,1
59218,3,61.85003487925354,1.473337416741997,71.36816521121523,811.3546015981735,1
58277,3,78.50434070548964,1.966709237300579,87.99300997636792,1267.3101157991352,0
77029,5,80.74287640702266,1.471523607336415,70.70138824915338,860.854814607849,1
61287,4,83.56612473735137,1.3546550406134157,61.773840017285075,744.2221079080763,1
16849,5,74.7494629033999,0.6017195082887224,66.29836112035063,464.3811393925758,1
17796,1,63.724026412006815,2.0849456402161715,63.42642321994121,979.763931731533,0
67674,4,78.46638483158857,4.513654074946079,80.83498868741596,2419.4128684771977,1
91583,4,70.70213104199051,2.829134634681294,47.26693840396214,1007.4841830137403,0
41586,3,79.36207527880948,3.096713828036035,68.31112365459511,1501.824891516498,1
70584,3,60.90554734123364,0.815844587720922,63.87625169916559,493.0173186890503,1
50441,5,96.07562485287748,2.7545288981914893,49.78413615558882,1107.4081290499687,1
37650,5,74.83979109070778,1.7747990087444605,63.20616205375064,894.3123930400391,1
52600,4,72.33685766673872,1.5791633320190481,80.33741329360436,972.1545955290154,1
72087,3,70.3882111064098,1.4455760517549483,73.4251301891613,843.5053468970056,1
34060,2,91.26829379781037,0.7933321683494619,62.22923665369254,564.7870746439687,0
71999,2,83.63353434783028,1.664466999326434,65.30916519430045,898.1681331463394,1
38629,5,59.5710842900974,0.523179481562087,55.28170902344972,348.9329331944053,1
49596,2,72.27161491506467,1.6485915911185796,80.11637361276358,1004.9601261572739,1
39589,5,70.78539245567627,0.2979554887967886,63.096457710263024,317.83106687679316,0
37845,2,60.82052410251237,0.8793497801076788,50.960114265164854,449.4957208727949,0
81688,2,69.63254544968491,0.5729818855652444,76.60444474587553,470.57103809193745,1
48092,3,79.5767584171555,10.896178763553669,78.89229439636651,5392.169286291936,0
44542,5,69.13661634999666,3.633178465924587,62.11041807294966,1553.9053064229222,0
23333,3,69.73723714885266,1.3402010319696422,80.32203221108968,849.2528341421023,1
46512,3,82.03503265413838,0.6546398901296269,63.951110413490554,488.1455299220572,1
89126,2,84.13363671174953,1.044961892476508,76.31440732225806,727.5285289794191,1
78894,3,51.23068266525741,0.20215999208607296,44.77145196116295,203.7171562370361,0
96772,4,90.49112134142783,0.7566516995385877,63.040238130587994,552.0255862176308,0
29779,2,67.49840414098522,0.7659163089252592,62.99754732919316,486.82515713561594,1
56349,2,69.40912254724584,1.208280887528966,71.13845004330503,720.7148628140457,1
42194,4,65.59355815018138,1.0443922891500976,43.08232330399006,462.24482405715673,0
27108,1,75.97122467244482,0.9922028694231034,63.47526147656914,603.1063602407321,1
33155,2,68.80611333182772,2.115293077640339,73.59965449838319,1138.3505989746477,1
60868,5,75.28820578803352,0.8955593992791847,80.84106227772682,654.2802945286999,1
20398,3,76.43055604202945,5.685461054950931,85.90124299871533,3158.1924783508557,1
99717,2,63.866847200607864,1.5343755250935283,73.21852573762693,860.03445136212315,0
45661,3,59.47762197039252,0.3852387038711608,66.01383559091217,326.88247338210704,1
93225,5,53.52981279849075,0.4858314356031062,86.29215938741554,408.9713509837064,0
12416,3,60.53101224814394,0.952573401208576,38.93109813279453,398.43787623326153,1
50886,2,67.94455612648646,2.2248067094881065,71.64936299814583,1148.92822182244,1
37347,1,84.7730620582656,0.4104726933884593,60.271460170737576,400.05252845300356,0
16819,3,82.17703675055762,3.647618135032146,62.81268774100256,1614.2049657193825,1
34238,3,71.09529701915311,4.968590551299586,56.23979614169555,1885.5911471032514,1
71839,3,80.62821622206053,0.9444146507016934,59.99351049306179,577.0670053428354,1
92102,1,58.23340832672121,0.4587054769802987,53.14036518378937,316.6122689821123,0
37633,2,71.665379114122,0.7781912277077502,91.23206254820698,632.1397808110647,1
43710,4,66.15898244194263,1.402050936156736,51.468474046351716,626.4159820693924,0
70532,2,68.98524277464465,1.4571880411628249,77.67337651979281,879.0074584866558,0
10789,3,56.622281056847285,2.5596257749630196,59.87500966466956,1083.6804402772575,0
34927,2,77.05378939207428,3.6477958197958262,81.09890185669651,2000.0174981144537,1
62937,5,60.97870740751116,2.6185231951875005,59.20764637393314,1111.6207746456948,1
45215,1,53.70898872537749,0.4054342257356645,39.63941001857124,253.37861882354753,0
70375,4,68.96741761366357,0.8211520178474774,43.003069461289435,412.79291544869676,0
48365,2,78.26826003702122,0.5107306099542132,43.18235577961234,363.92825054420115,0
57467,4,83.30545939533026,0.3467253484368966,55.05137390324731,358.3614621364208,0
44250,4,78.43552008741838,1.3556334050291277,62.12064876487196,732.3072362419587,1
36805,3,72.99407629779013,0.6474383147507072,63.78062525169277,461.4957735720933,1
23306,2,99.41103717857462,1.2725183491395389,61.21372907734301,760.4286646994905,1
60951,3,65.62597957561742,2.845740387448853,69.62116081192775,1382.2506562611236,1
72855,5,95.88803987664723,0.7803645401192271,64.81513083794775,585.443140457068,1
53089,5,63.6812277348288,0.9442626730059712,81.42802227827926,645.6530518254897,0
63705,2,67.6052579563761,0.664895400393492,89.88631768684311,554.2128385599614,1
54325,5,94.54540384926561,4.109075199467616,96.8646525014535,2664.5876469736886,1
95849,3,89.73050963193853,1.6017218260973258,55.48749654043871,799.2151523796176,0
28421,1,71.29048742519932,0.5295015258130357,57.49969057280282,391.1213924995159,0
96069,1,68.30760626582143,0.15274013413313953,68.80414382638295,260.3799935676938,0
80731,2,68.11497412559429,1.563359986598401,59.51166394183869,755.1794904336964,1
56969,3,67.23869414778645,1.240566078492105,71.058245560474,725.7491128820494,1
19808,1,83.57641783999605,1.1808164278131137,59.15999635831242,661.6065612347064,0
66050,4,54.71595754380469,1.1188866245703766,64.04086360941892,590.105504009842,1
15479,4,82.31008767248156,0.7202856464509393,67.6126592020601,532.3989995917052,1
27222,2,62.19219708078548,0.9385419789565587,52.36912962570454,478.3188762391654,0
50219,3,70.03488959801146,1.5663867890918397,60.126269140350324,774.2564822816812,0
32132,5,54.317293140231,3.626652033669854,80.73565429777562,1914.839845473945,0
86792,3,63.23286994970358,0.9728087258097684,75.01505577412105,621.5879218053784,1
92988,2,44.36839856534205,0.7375662435878674,65.39985868671774,415.6106040222412,0
21335,2,72.14773987101249,1.0498156505315004,82.14602638613884,733.0287364967808,1
27673,4,75.1328874446203,2.026160437555984,65.02358965352511,1013.6665110922735,0
70839,1,55.02000319730132,0.716882127229425,71.56216315133696,466.7871168197802,0
21996,3,70.42796960684049,2.1290420551399287,49.736832608055025,843.98852886996,1
35001,4,65.54436405596043,0.44970358794863885,54.78121989379619,340.3531924418052,1
64753,1,73.26752761398534,0.761119415132018,57.24487269121981,479.7017075619365,0
65302,3,71.35641269065508,2.900534111849257,72.79116372133545,1474.5144112106568,1
67999,5,68.5861703292665,0.7728742822380334,69.70345331781772,522.7443906053525,1
43767,1,90.74242726610174,0.6058160633488512,70.77110093028986,521.5606552634532,1
51342,1,62.513415615293304,1.0543907206480783,78.30344652615506,679.9934909284987,1
91951,1,57.4639862824564,0.2440488219605302,69.04110805390846,275.1846889580284,0
36919,4,67.9121496251589,1.0964737006515664,73.29662179413393,679.3899262307292,0
97369,1,77.06793765964215,0.3676886525993273,53.48077681508069,342.45844029369425,1
32806,5,82.42713090875755,0.745486330955492,55.90959887345,492.2451771275263,1
66296,5,68.52728401006755,0.725335400366919,33.591167251375175,346.865787782131,0
24062,1,74.87091854585465,2.766772129002326,75.72914194610841,1475.817406603499,1
50585,5,100.09821608787082,1.908636225129958,56.75658228763555,946.3858501171323,1
85475,3,64.1512094041176,0.37490961611987267,66.71816691694148,336.1644098990839,1
45184,5,65.05199569683484,0.5461685024154875,82.21049186703239,458.8378019227156,0
47801,3,81.40994061270423,0.9340242763549624,46.96271025865077,501.1576583810638,1
66691,1,76.76970897412173,0.5084214963075789,71.40415809414152,441.4728155476078,1
17132,4,75.44184428877335,0.35312613431256673,53.43043947929252,332.93896187734504,1
63302,4,85.63010236277624,0.1194506050438676,60.063022099220305,292.031889233175,1
49778,1,60.72675150954758,2.2122235465017557,62.70570225269893,1008.7273218434847,1
19021,4,58.345419154429656,1.5923921268487968,74.89611805723649,885.93272061505,1
51029,4,54.786295719168294,0.12556133354143525,61.14518772527563,203.8364036728918,0
63957,5,87.89234790451351,0.33878555831986557,52.67506179925098,366.42435972993854,0
31453,3,77.4963833555047,0.5361648939024111,67.56976216248083,443.8309393008435,0
57771,3,74.696766881981,0.3042680983235552,63.31517243183604,331.0783217044503,1
46609,2,60.212270037991246,4.930115121064995,84.16209414422696,2662.9215282746814,1
56907,5,53.531749783077125,0.5320826341105979,80.10984243587617,408.5106576266921,1
83056,2,84.45565650244745,0.5311892588368196,92.44616517281433,542.8780352869121,1
53360,4,76.91459040922246,0.985063780413918,61.753987178171926,591.3130337114056,1
99772,3,81.80912995601322,7.728392743583756,80.52147502859324,3970.7203919294852,0
16860,4,92.35929810480279,8.820906397583352,63.890725884933296,3650.960129596886,1
34520,3,92.43134602800843,0.17998281213580491,61.1473918836979,335.6827337033885,1
58418,3,98.39992469882864,0.1853927273260309,56.82787975367045,353.21326236885335,1
27796,5,61.499220554903935,1.7179662672132872,54.472668492305814,744.1167174859554,1
34026,1,90.64834511752599,1.9732583548730365,69.44976729167936,1091.4594677703412,1
61102,1,69.53775464581419,0.39829804658291135,52.197006696224236,327.79081393466504,1
97202,4,64.96269030938828,3.126720747316134,61.0329567608231,1330.6448028663046,0
68230,2,82.10232994615845,0.8765248179770456,59.1375005425537,552.2662669253771,1
96140,1,61.74025155141581,0.21682264198620294,76.84052395934573,282.87039146987144,1
51405,5,80.10744596556255,1.0814835675991137,60.94816628801868,630.4260308851399,1
72451,1,92.69910792184659,0.792133914194632,58.511959706593885,548.9933438935394,1
36668,4,76.85768821298983,0.7504230369203578,61.78009729762274,504.0612713696183,1
84652,5,70.91702945595435,3.606817515821881,74.71085833239918,1822.5680759430056,0
43188,5,82.21982066517249,0.5032868774356017,74.66231977170085,470.2726522936004,1
47991,4,69.52141485344154,0.6653231579092518,45.834326947000065,386.40755986038755,1
28805,1,76.78432455342016,3.4748537607225862,67.29541156779618,1628.5352487022067,1
33434,4,53.28219313563372,0.30893657284445064,57.10712820956906,260.9997018741881,0
78466,5,76.39213525746621,1.3434570891425293,56.108317069379865,674.2100258907928,0
71130,1,74.57572220948249,2.669628582418412,62.05567401380892,1214.0917984759067,0
93818,4,84.99240189506224,1.2297465402391645,75.98055120045458,812.3199374748617,1
78170,1,72.88037723868968,0.1329123787023932,74.31535733881556,271.4278546078145,0
63047,1,42.192619527949006,2.6950282490016204,76.75102254579573,1363.3313218787632,1
82216,4,63.30374389537284,1.2311992934256712,86.39538509654622,824.3187285010832,1
79749,1,98.79623381030015,1.930325615357278,57.31647824443226,952.9049567485237,1
12494,5,82.77080652031123,3.870725064078933,65.95648502884144,1773.2562172849646,1
52444,4,53.28086576160476,0.9178086827152571,68.01230671738442,530.3736836616193,0
52655,1,78.5210923517496,0.20610463290284214,95.41479682935201,351.51247967570623,1
33830,5,47.09843985302319,1.221614714048741,72.81433942817782,673.3455664876452,0
46877,4,62.50116100897635,1.0980515093107144,77.22466572886273,695.819654867803,0
20231,4,66.375220226133,0.582114245103444,44.38980909820177,351.9074709267296,0
61367,3,55.18444935123985,0.4465807989203539,96.59516058577609,419.8813661099937,0
35159,5,105.49561711414502,0.9966185311915624,60.164727882325685,671.5693605290976,1
65595,1,79.61640432387532,0.28794897141758485,74.57295536829237,361.5068090012916,1
63205,4,53.77259264711821,0.8399681379096139,46.78117868225176,391.5994190679797,0
98208,4,60.14370911182722,3.7464627645438653,54.56844925154021,1401.9412831449335,0
13555,4,75.44529784168363,1.1980892568982071,69.68707158845928,724.2466700774451,0
75126,3,73.58772098005764,0.5980608318977412,60.26524573028182,433.49439862833896,1
69931,5,68.14772264569993,1.4590438613095358,54.827399419362564,678.2416222700047,0
13485,4,80.5624714180128,1.1474816645256178,55.334014561215966,622.2761598451029,1
17942,5,63.99034757203896,2.301094386819494,76.2779606614911,1241.2630361330184,1
82721,1,76.38528301444059,0.2887545712742772,63.16691875390622,334.61801328817063,0
74987,1,73.60095613277906,2.728010674275972,67.72926245880753,1323.1020867344037,1
77141,3,78.44591175631892,0.828450701220546,42.53304787621404,440.76221254646833,1
58618,2,73.52337714884273,0.187184193049395,46.52438289419885,266.5359012410541,0
