id,gr,motiv,pre_sc,math_sc,sci
23926,4,80.88924311329771,1.2129431851245398,50.818927504826476,604.3575657101597
31464,1,NA,1.250998286664734,57.76756608661073,618.2236834717132
42404,2,85.45783754453775,0.40462748402784837,66.53028284393291,410.0857691851934
19892,5,NA,2.664401484423321,57.11171402259931,1215.1169069961618
76184,3,97.08308716256646,2.2353430599824424,69.16253078037037,NA
58204,5,69.99991284646974,0.15801374925273282,62.104666118477,267.2083641101945
38741,2,53.212991080016835,0.16767338514879046,77.71639536049715,233.85638814219507
72934,1,84.29749952792109,0.13039234397235697,72.4745799845174,306.84391874657507
11248,1,75.63090479152937,0.4153514857125325,74.96241102362032,407.0776796219433
80068,1,NA,5.497033164433504,77.54864793081312,2710.0490123810405
17435,2,61.97406739933563,0.6147114470111217,69.63216679462096,441.2366080620405
72685,4,49.78128549159997,0.6392252731001112,68.1417678076142,402.82614660831246
91175,2,69.09936484346841,0.22508905536200308,65.1551158766638,286.68296960832464
30104,2,52.71069481841292,1.7402720768093585,59.05081432324732,771.1275431613927
20732,1,93.11725695068877,1.0485382207372367,NA,619.5447194474272
55484,4,NA,3.726753301866284,71.90423219747376,1843.9393831884693
17753,5,62.068614419226904,0.7148229348362948,55.00096281774622,417.54365499966775
99371,3,48.68323288464693,1.5471493839147479,49.74458703062515,596.7102484320523
87933,4,74.76178863352636,0.12165329000782693,NA,281.53865559267354
96189,4,NA,0.3460267123557711,66.85635564615876,381.5827889036289
66023,3,76.04863301790635,0.390233926571253,57.23576093656017,359.60773461257577
81593,4,75.94638479926556,NA,86.23859939171564,5755.331753058462
19767,2,76.87839507391283,1.0977901197948483,68.74730237854412,682.1570951084112
70402,5,NA,0.3081560125034032,73.47010207094692,382.5188081763703
21154,4,NA,0.985397781444613,74.62573412332506,700.8267912631494
90020,2,77.58899010546484,0.13836695178187447,59.15382699377497,277.4745642536306
48364,5,58.349429612502504,0.9098769183489811,79.21750716157821,604.1125115050164
76182,4,NA,1.3699474982830522,82.63196772570544,849.3894290787778
59749,2,63.46011662267294,0.48058138290548297,53.72591562097575,336.6145342063377
45530,5,NA,2.464011255266577,65.03762875612776,1159.3781016920327
27156,1,92.82657405907855,1.416855650999642,48.08859559079022,678.5618085884668
58283,1,NA,0.6507268233989536,46.14933121364207,390.40438816557594
39820,2,NA,6.774709291259739,60.38244181145209,2681.1423145376634
33475,1,70.6759657651541,1.1402999769803628,51.327296339589296,560.7117617966898
90860,3,91.01128595492904,NA,58.81775299435964,365.23832990992827
80572,2,103.45491557181988,0.18205648123159654,44.83218098391196,353.0363826074974
83037,2,92.77486056652388,0.5441319249877579,86.65758319249699,NA
70181,3,66.92805037275983,0.13517445901219835,59.06579037679449,244.11109613013988
92962,5,NA,1.999893104122087,73.88455250187539,1104.9352593824467
62693,3,63.2411055366538,4.126101424273333,NA,2037.127561999815
57408,1,66.9165233359148,0.5211463071688538,79.06987801626377,440.8583362287597
47216,1,77.3481053778876,3.1537525205207073,46.54290645102082,1110.041424698005
18563,3,NA,1.3569454635524658,54.704892156051685,679.2047314723087
69688,2,60.847658231936194,3.4745855378388715,72.3234153897183,1689.2932036328991
59967,1,61.458282341462365,1.728125128030335,78.0529700788008,989.7542182678637
13852,4,79.94776346272003,0.2551243409341016,81.30005362413412,NA
11263,2,61.59929940372274,1.0342370705873902,55.738542732165456,526.483340731331
72084,4,90.41924372679716,4.8719326293274445,66.56211404413904,NA
36057,5,71.40726789361396,1.4188300913368739,71.97771092145395,NA
32027,4,66.03272342129193,0.722314431587764,49.625194525886684,403.30747592960086
92872,1,NA,3.9074403094778773,65.34320693537317,1787.94411568993
78077,1,61.55515920681723,0.6919799217374882,74.22177996623105,486.7297055188387
92940,3,65.01457213967376,0.4393184607326446,73.37797164339804,385.81765707145223
76030,3,50.28234874167329,2.799472804188574,66.40837413971484,1261.7236072678775
42841,3,67.16343155552082,0.3523231085943708,43.87294566624395,293.1354965535838
31926,5,NA,2.0708267839469183,60.32897142545667,953.6913803207152
21211,2,66.98398543738686,0.6789264221240701,80.98467802078903,523.3322081492033
77626,5,73.92937802322446,1.7173885749347384,NA,797.8451870707847
64847,3,NA,0.9950272767549838,61.14085944055967,629.8154462784584
91918,2,59.720155272723424,2.830159702968702,65.24000105931432,1282.1689104541672
11501,1,86.81201307901453,0.44403232313338264,62.986018771698035,423.760374120083
49256,3,89.45977728845881,NA,65.16905214894102,2943.2747242364176
85313,4,87.7015708981443,1.577758748265037,NA,905.1433507081863
14826,2,85.31527117231425,0.9535061901769875,45.907146751519555,513.4358015176946
84126,4,90.84002867093001,0.2134344809481445,48.23965349292477,330.5660200307064
99058,3,NA,1.1960190078085855,82.22937398671068,851.3304624521448
97934,3,NA,3.929887596748601,77.51130929651436,2059.2063976775007
37067,3,65.79036774705902,0.3923578157192115,71.35838102450529,362.1522571047844
79448,2,NA,3.8134596986694893,83.75273305143806,2095.757318448951
27852,4,68.58283362498054,0.1654752544784532,76.88848884911566,279.2168638018016
69298,5,83.10386825010193,0.6628527034124917,57.37669569909762,NA
82097,2,61.14058887487938,0.3778124540616036,60.80104345691292,310.96080623882006
63131,5,NA,1.3968750307532312,83.25507085009538,923.263989989384
82032,4,NA,0.524610190649751,89.72304845174557,531.453345544593
53254,3,NA,0.37493176911786286,71.60442972731803,369.01870526405264
25013,2,82.0632278262146,0.9580404344942582,61.80423560949731,590.036221655026
20025,1,61.577606000131055,0.5207604124410096,74.58298017213197,409.2955017189539
90640,2,78.18621687068149,0.525704638963161,72.585812923263,458.2945423853602
54902,3,60.84225597837757,0.31590882131902703,74.03430096755496,322.3792357749992
17782,1,NA,1.5053083195535746,67.7606778681105,808.2015533927117
30460,2,79.50211861553521,0.0507379512093903,43.09399725560971,247.3471598147068
15669,1,66.82335323078026,2.0187136132020176,64.3733628233694,973.9176077007719
38622,4,68.96161733474841,1.0420808493367344,56.59034414254877,556.3434572994175
45390,5,70.54981276180332,0.9475411446074478,41.217072977354334,439.26419785060915
93902,2,NA,0.35414753283769485,73.21750175443144,371.55686403060923
67925,3,58.31655767478181,2.6574823298709456,56.60889478331881,1071.5615016393506
65028,5,59.90198750339468,1.149439172057977,79.34667100843265,721.9927912032146
99313,3,71.99681683402359,0.44139935269932085,67.4602578998646,388.49160397436845
13912,1,83.70536512931575,2.090775597502288,NA,910.4471397383279
56476,2,65.67284293790657,0.673210295854204,57.9825419134457,425.2379263554784
23784,1,77.55603572560008,0.39615136026726894,52.82986481530944,354.23226600097587
56097,4,76.27563292348674,0.7659900679944089,67.24649606128604,534.4368566965289
46677,4,NA,0.09501308423355113,56.47842629528375,230.9301188746252
95448,1,81.33372082153136,0.593621401563035,65.59142112457675,471.50239020743084
52523,1,65.50020581446816,0.7569196850021866,35.96405765826393,351.4750019187462
38966,2,88.56666122328843,0.46188724959088645,59.54532619084816,428.4624948870231
29212,4,NA,2.321396631518677,85.64982805646133,1348.6188760862458
33838,1,63.08084342464022,2.0362492496862314,74.26734498545079,1093.2895438963997
80422,5,93.89050532946527,0.26316321190405895,88.44237725949921,415.4793124283844
66783,2,80.25713057370105,1.2098641857413646,61.87273667627236,685.5251819422245
61473,1,NA,0.19274448757672152,77.92562074326851,258.85464176258813
72304,1,NA,0.5838451739292827,73.0689190292849,468.66001240548917
21957,1,91.70408536495145,0.6057725488130759,72.42790292126396,536.4821359677708
16769,5,76.99438466424827,0.6565997716470786,57.5261158430779,451.09292977397837
75999,1,90.12901241165628,0.6931880479506404,66.26038612945248,543.9312806218087
21177,4,50.57622032604871,2.6576869275641015,59.49272240247025,1095.3739343877794
41070,5,NA,0.7571404603545124,78.46681098262428,576.8499545479267
79996,5,NA,3.0861307455035534,54.53726621845569,1223.1100847723196
32817,4,37.852469665013146,0.280301642169679,44.013993238672555,184.6552259185978
38202,1,67.77655991508047,1.5897364821303215,79.15260344483704,952.2636062240135
54033,3,NA,1.0526457574144503,59.50544252149131,538.5504135950287
62691,4,89.09444193414566,4.540411259111013,55.60689780993331,1776.147601121294
88662,1,NA,1.212438004243732,66.96871293710207,694.3365168492257
96737,3,76.87338256983969,1.437753008056841,62.10027419738678,759.995542346854
48520,5,77.4613365381382,2.716688782379195,62.11766284571874,1239.1351269374927
47478,1,65.54887451222731,0.3975383739435574,78.70820735319782,383.70490539159607
72826,4,NA,6.679779969805257,63.61634434110917,2738.699819362152
51469,2,62.04063668144477,0.10617703366673921,45.1547612251371,210.99742581133216
13960,3,59.03652553717069,0.16630019122182646,66.56697163336673,239.68316691404232
14304,5,68.65535106506081,0.969490871382561,65.2297794521468,574.3474621223204
38222,5,79.66402875525922,0.26297480688277997,69.53414672419127,343.67105947568183
42021,5,83.32817782227197,0.2890072381397357,50.04896279008601,331.50733288055517
63715,4,70.0276686210628,1.2563360802765686,75.28534462005805,771.8127749194342
16420,1,94.43948429130275,1.3332299147797213,56.29509377996582,729.1394380728503
90862,5,84.10849029696527,1.3636731460842288,89.76192318426772,NA
42442,1,74.39948431481746,1.0298779575275807,71.50485683249275,659.0558856098112
37589,5,72.82282506370657,0.3181876936351978,58.95784004070241,324.2079263940841
93020,5,NA,0.1420881044396387,52.58200710685629,265.3021154869224
23343,2,NA,0.8743253726252942,44.484939414933194,485.1347625172624
36254,5,NA,5.2018081944918935,81.77224312206134,2724.300552023667
87365,2,NA,0.42491565997052755,70.19831694752229,367.4163494031393
12388,3,NA,2.8144741549783383,55.53350910435339,1111.31072866362
75292,2,78.78363640462689,1.0655701046786143,82.48052272441193,757.5214674320933
27879,3,95.82128117049876,0.35854083855860136,55.52794138795242,403.47575639362464
19440,4,71.67747269689087,3.785712046155905,NA,1500.5692432764129
68844,4,101.97448035565,0.49622906019889157,58.57319401212168,NA
42523,4,NA,3.169546735398827,69.20174578804287,1523.8138755202292
57145,3,57.301770693167356,0.6236021026426115,63.46094866917708,402.6428881517862
74235,1,62.18530909347418,1.3975314410206665,76.25634272051481,824.2088136104051
92574,3,76.61813543009522,1.074893334866656,53.24543995581661,568.207684828379
38045,2,83.96972935432761,2.766155360139734,68.68846459157848,NA
45885,5,94.81693354121788,0.22532145262984898,84.28378214027423,396.19768394937915
25600,3,95.58780254786242,0.2467273193819138,67.24740478199827,382.2753582321596
85486,2,67.93614487124017,NA,89.00600168005263,1894.5526406544832
21320,5,NA,0.2207846410226083,69.38818294397589,256.2459256030216
55849,3,60.284459219865184,0.6969592534813297,NA,428.24477913238746
11637,5,NA,3.075131599344326,50.243195502990126,1141.4146662449034
95079,3,82.5313106570458,NA,60.5660570171125,342.8499740848232
38752,4,59.89063689490031,0.9929114662526374,84.81881669523979,679.9578546909562
94378,5,79.27298361075734,0.32159658466083485,NA,316.6646769004697
20974,2,NA,8.953059566069387,64.72266975424601,3732.141109689703
10895,2,92.55183265507057,0.3098507706150745,NA,405.39264446929855
70652,2,NA,0.4244688632582993,77.12342391681743,430.95590388431623
47719,3,NA,0.10157263936003984,52.64657493793746,264.1615136796374
99122,5,NA,2.463543652401366,78.44881002854595,1399.654676708916
16290,1,75.4301964912912,1.4597733979229532,58.280846539881885,732.9287421748619
63246,5,80.08188723453183,3.3202511088580438,74.305293992059,NA
72888,1,87.14688794281504,4.760013901833768,54.89655598720279,1822.4339576593225
27726,2,46.63203745699094,0.7475644739755091,73.66044504114161,466.0931615760215
53025,5,78.05311823132426,0.3721378976902138,71.84566801458048,388.3849854352447
90114,2,73.2366424360215,1.3372920056223592,65.72915482968587,742.5038428842562
66375,3,NA,3.033064402106571,65.94858515077073,1475.064207707376
83403,3,76.53265680084111,0.2796095812481928,61.122252547783184,324.1326117304105
96183,4,72.19845956261784,0.33891689813309545,60.53030093492921,333.04169451699903
60446,2,NA,1.0548539710993647,49.728149199145705,555.2482747782163
91785,1,77.13732411726032,0.9815339260415903,69.98336948907021,NA
35080,4,43.3217464588319,1.6324490832305196,74.18842010574392,850.8501862059239
73019,4,98.19988202357649,2.4868601592762034,NA,1268.369985547267
61342,5,NA,1.8974403473136525,78.91934248842107,1097.6716703297043
41704,3,54.50682831146513,0.7951508812009995,71.55584291647989,500.53458883754564
15802,5,62.285729035569034,0.7326665601542792,72.65896151026283,503.10291064255915
20779,2,78.04624846664866,5.4338545238963265,NA,2368.0034774981773
58876,5,71.32577256912852,1.2172000175345947,76.70836385101387,771.9512253148316
94114,4,80.27638645755728,0.40915660679091254,53.75753032822998,367.0324533739161
60245,5,NA,1.032298557939772,57.06260764780164,512.9390226943377
14326,5,62.564431185028994,0.5212070071582261,72.19003174333173,407.58457203568895
61520,1,75.40695706410547,0.07009194296835804,57.39445393294811,246.2842054898147
80562,4,60.67133303314683,1.6135093362491282,42.43219120132167,588.8585637840798
62090,2,52.96977681943004,0.967585112286062,88.44559098688597,666.3412313257048
49090,5,NA,2.8820886478859884,74.04574217592447,1509.0659504389387
26323,1,NA,0.5476867425963818,72.2876420707762,460.1955760137133
90715,2,NA,2.149169423718632,80.98241801766127,1240.758878626052
38694,2,NA,0.9324017631906121,55.06315362980574,552.416194470913
38007,2,63.082857168703725,1.0374631798114233,NA,568.3734151840271
80343,2,67.58226453940853,0.9421068949296495,NA,662.0552799084189
61990,1,86.16992415265801,0.2524013159901118,44.514162320876046,322.99812802924214
93465,2,NA,2.6182703751162784,66.79891726964414,1302.9379180580258
78544,3,NA,0.4033003993991169,67.9460980281794,334.5347969455803
22808,4,62.10134662693695,1.5742945655896843,50.092739946996076,650.1255995156827
73274,2,61.619787129813176,0.5622802579511548,72.43747937379393,421.34349361209644
62084,5,80.46304517723449,0.8629537528748797,53.5508832184861,516.5411148357481
26527,4,69.68596572933735,3.343466259537454,63.17583424154804,NA
36316,3,NA,1.398037851757675,77.32574271914872,833.9452546268336
13311,5,NA,1.9341683076055207,70.62550292698175,1053.4934369310117
47024,4,67.54843198728257,0.1256384570427531,70.79062584661482,248.89226439572732
57074,5,81.87788308084572,7.259501186487729,NA,2780.9898956395773
63574,5,73.25475396754658,0.9615335864376651,78.18971948340828,666.1959314488432
70562,1,86.63931973300251,0.7778083638856809,60.650169717041,537.3829757682917
22392,3,70.95004784793885,0.2337126955818426,72.65756266455485,308.1910780331395
98321,4,71.36740095536686,3.492406358338871,NA,1375.8013414011039
65252,4,66.80285979662882,1.6176329039233897,73.29759177461733,906.3932053296563
44971,1,81.06121714587289,0.32819417885293284,54.63555971359971,350.3681731755572
23830,1,75.64236399630781,0.8575355439871003,72.48520428739042,596.5351174769391
97949,3,79.3728531619785,0.5647911190739694,66.07730603107092,454.2076366305941
11818,1,69.43003163645432,1.0404345017135148,56.73348092764349,562.6592485001572
89025,1,75.5459693364333,0.8957778267619628,66.26005623017502,NA
56139,3,72.5844228221007,1.7094126013619506,82.7383064907092,1059.454096397756
31443,4,70.2244721449586,9.082548314033717,NA,3950.1971451876666
59488,1,75.05078732322573,0.5077341474212563,77.04954804793644,458.6485559823135
51661,2,71.29030969606418,0.8168606998274142,56.298759627874944,488.3343612848003
60427,1,61.12689568774407,0.9498618833367897,74.6334128563834,603.2893992187658
48106,1,62.63617912762148,3.1405847123178385,74.2899529689132,1582.2198566116615
26588,4,NA,3.063182284674712,77.61879530984596,1672.0106143385271
67300,1,75.09638505921603,1.2947670566879919,65.11634721260644,723.5178013917038
67160,5,45.75662655545223,0.16375363790664904,60.71005397971335,191.49759224171822
14820,2,NA,0.2595327319675331,61.076146731881636,323.4056006982732
89549,1,81.98344193715045,1.2927695558348162,NA,702.5210639518996
71938,2,72.03783433654249,2.7744194412295022,59.23129019096856,1196.1809573506573
75460,4,37.38957100276654,1.2558446816151028,66.7612294969127,607.5516879639746
53288,5,NA,0.64485040306235,49.75997283078586,403.2308782132672
38490,4,NA,0.2307050277308408,59.588663897872785,311.8882343160857
75398,3,NA,0.5156355184487079,82.28991480085442,400.40537830687697
90609,5,60.986500603975145,0.5232796757003692,74.29405270027249,414.3459103592164
70225,4,80.48510625280213,0.7526783361329408,67.97376601903001,539.2200262665517
49123,1,75.22689796352562,0.0902906722541907,80.74984616258776,263.341502680187
43791,4,87.63728574173408,0.45430452878882904,74.68136616681862,460.6734376468295
42217,5,82.22413405485993,2.3547993891691994,49.117504342389225,934.759421150791
82432,2,95.86781759422354,0.5914681707875841,77.14361226642733,558.611711229959
40487,5,NA,1.34535228851774,61.526875172498976,707.6735442614896
76445,4,78.62938406374461,0.29025058745375937,75.01901337303885,362.37778782431656
45773,1,81.02364483650412,0.2411184433405575,66.73766818570249,332.65598159640797
46957,1,64.50770043693493,2.212982600237706,71.86483175510907,1140.3400336632653
26526,1,64.02804018603385,0.4969101331433236,67.53748275816656,389.0261216592104
93275,2,86.72934825404393,0.2623998721065635,58.78515234165101,NA
61000,3,50.94454497938165,0.24552027338809426,101.33053880237081,292.28999335945
80757,4,92.10724612470646,1.2209976143410282,72.08474012832133,NA
67287,4,NA,1.0823991194971787,65.96055745022308,605.7092821313448
41097,4,66.8592181467097,0.9100775596614656,66.88156585944128,561.7238211400897
85924,3,76.05966612743512,0.4585306905003515,54.14926297624559,372.2674963135336
80089,3,82.97408548289593,1.0980338572834412,75.73373086739817,NA
97788,3,85.32135684206465,1.9007329916764235,NA,1167.3799918752834
62126,3,78.88856060785861,2.287231553245888,76.47732014402115,1279.9525127290144
82891,1,48.20692207644595,1.5350740650263275,74.34598599398888,827.436304261824
26195,4,65.04579802056449,1.036001578158195,65.22316564423805,598.3479021248638
63737,2,NA,1.0702317374280255,73.68838839842813,696.4503974993767
47755,5,NA,0.6696045835420228,64.04187411271965,507.967754234569
11871,4,89.58445320728065,NA,77.56449110178856,727.7389902143683
99569,2,NA,0.593489193084347,93.85678234684421,551.2756517257943
72871,4,79.64008750562823,NA,36.63939934505048,529.3071053249255
48859,4,72.35747931799581,1.1162789928088384,58.7898653212076,603.5017781505859
86456,2,89.70157600727825,NA,80.16238726547103,1430.2845777139837
27299,1,63.63402668249739,0.9347825238223455,54.12361490215914,488.71274960084565
70606,3,68.32587440753328,8.408867088102795,NA,4849.126319093424
20899,2,78.64776382030941,0.9873888497546739,70.43590803446658,652.4447765947199
25300,5,58.1550179726429,1.5808137910495141,62.07136530810711,759.9195459533413
27716,1,72.61823619096363,0.9015791054872061,76.95308281604424,628.7775046045674
11898,3,61.11891685580331,0.32695317106195815,93.6540479864448,360.46490442663094
54028,3,NA,6.728848248478376,78.35288075478134,3405.0611699119204
35335,2,66.98381507728566,0.1471177161241895,NA,227.64506382508935
78158,2,65.25507077050028,3.852663768787167,69.15996440110254,1791.534980604387
87295,1,75.9307947209336,0.6071113506187681,57.52801769487892,433.89911440959094
19538,4,95.2389204844867,2.281281749564019,61.7501254928903,1121.5906840852945
81202,3,NA,2.417561136552875,78.65514935362901,1314.9565022419756
84337,4,NA,0.2582240560348509,90.51277278387292,350.87591967482064
29430,1,75.8669604284018,1.0229303557648048,61.67312852658781,601.3998334050191
54164,5,77.66538795481208,1.3441088160895125,70.18548926552599,790.3328165119419
97624,2,68.03366224757723,0.13106533656690347,54.244887292975996,242.98570961146336
17313,4,106.14259484914774,0.3070427627255063,52.74526813529156,411.4421452926108
27001,3,79.03705981615809,0.19252888551187916,67.80725639522038,308.9013186562821
78628,2,90.0943108348369,0.4127674970673779,70.86077255105137,NA
49660,5,NA,0.26506650929495723,77.92471330513015,288.3134226941802
53177,1,83.83325689889372,0.5938942895963253,77.70741904802482,518.7202372056119
71272,5,89.02945550304011,0.26666982136351364,54.780456416352415,349.31735869916
55488,5,91.8631068531497,0.33583042351622155,NA,402.9020772710454
86944,3,69.126904885175,0.5120632225020323,76.36880476064952,434.2338735047686
24754,4,61.5047144196777,0.6257622472115764,54.995788201477296,384.1923466295275
13357,2,55.67260635794822,1.662023362288243,72.75902748577118,887.7483622453423
24364,1,80.58961172405287,0.5119405485423849,69.60800015186138,NA
62972,5,103.75563762269178,1.1654661707159342,55.35202716360786,693.8578646494634
59443,1,NA,1.0881928246000554,68.45863374997764,648.4434511512497
38831,3,64.75292223497489,1.4917403757178058,54.225712784218075,676.9598919568659
75268,3,83.3072791200863,0.8000126842580635,81.66936295182568,635.005653350042
39023,2,80.0249984748289,1.9550109870868124,69.54753463312473,1052.9999137330656
59567,4,NA,3.013032117192982,53.29492636925782,1181.780406111659
18348,2,NA,0.8515139808469155,66.27157496658891,564.8186481605305
39454,4,NA,1.633471821649087,69.14356331712555,888.9004898339954
40481,3,71.4523657883135,0.9019020798995235,57.36021246426108,520.1518214722283
37616,1,66.75538989465039,0.27480045543545006,60.02196227166224,295.246830649014
24594,2,54.957919816621235,0.6819075891346266,39.42141320993492,323.35546639030014
39803,4,NA,2.969985449123103,74.55982155490571,1490.345758654272
36121,4,77.23330145102962,0.6810132222420875,68.78470854358697,510.8100330901096
25695,1,82.25994358629212,1.9139826542172615,75.24837101423803,1104.6762699223455
89116,1,63.825657035275036,0.4629623013640142,70.6307134158898,383.0030488265116
75188,3,97.09067931390233,2.2725808930724227,29.998818186635464,692.4247249460228
65769,5,71.22951697837152,2.3272240577273826,60.54277646832322,1051.4047216838187
17995,2,NA,0.7124836938078689,60.32649770987715,458.63348436370427
94104,4,68.1817839043849,0.8617977700273496,59.893223026172436,NA
88936,2,66.74947254386801,1.0302991606151437,73.00976312436532,645.6657174339917
37812,5,77.55173717144888,1.5898806482359553,69.60465675693301,892.6573640727646
83284,2,68.00538983914807,4.29967732067,NA,1748.133893742037
24725,3,73.9986762399804,2.2102283309787145,68.19421594242019,1120.754375500965
33118,3,64.05020006472591,1.5484251966841927,90.62180663955105,1029.6124476895432
84606,3,79.03375117934101,3.2335508042444814,59.22749767250482,1381.780817833907
29004,4,78.21407468432415,1.7548257486285979,NA,775.3928473955277
37489,2,54.25992510989586,1.2453005312058512,70.91387580013729,684.3975066878296
76718,3,NA,3.2347478048752376,76.34489327156918,1675.075956540627
25418,3,66.34557080353476,0.45853899861976727,49.977206567034926,333.142758702451
43251,1,56.08890141844732,3.165430985018451,71.78289529624794,1529.6383523287475
79207,2,67.1767076807347,1.3535486779741068,65.34503486551888,NA
67537,4,52.646969684705766,1.503184208777318,64.66003564949109,734.6878459495302
34254,5,NA,1.0468985620247708,74.37066919245778,656.4669973935817
56981,5,48.28957647931886,1.2437335048480551,NA,578.436308716328
71315,5,45.40847729749143,2.597812671842256,55.81300211617324,1000.6269498925138
74091,4,71.58129872308989,0.27765076666708055,74.74893257160196,NA
23051,4,84.03326004573611,0.601159972388712,51.90164497595333,NA
96604,5,93.43477040408195,NA,64.59277863986921,853.6204307900252
34422,1,NA,1.5259600226520802,78.70682518953693,983.282776481119
75227,2,NA,0.29078009826366263,70.13162125898735,323.8798775468525
43906,1,51.02856797853673,3.690942539715429,57.83824049962374,1426.085013246778
59990,1,80.34155254042086,0.3486898508329696,67.29052267539515,375.51168523053633
23442,2,57.99742271900734,1.010606729343363,63.537104172251226,552.6988587692408
77309,2,NA,5.366518324056923,91.04912653862394,3206.427601057981
29893,5,79.06200683773761,2.0167826793107357,61.645407213712225,974.7601053994554
91636,5,89.0338602450196,3.810091290708378,82.5808649105693,2147.410612900239
61724,4,58.49489749984079,0.26460160142775857,NA,272.77969338433144
41637,5,75.74933248368049,5.7563978923575485,NA,2404.8015711056987
63664,3,82.65716329068613,1.1025655961119158,81.86944582243272,NA
86940,4,78.44494143991533,0.4884125884648989,61.76153790765211,406.6619353204077
60010,2,81.58342692269605,0.7347785223282484,63.190561777524124,514.0053622577987
73570,4,80.25451208937959,2.3723195178169862,49.29120101908337,937.9850697546767
38899,3,91.71140039099672,6.6291567065050945,NA,2374.553790848591
63385,4,68.00032010160277,1.7388916457131183,NA,988.8040544374793
86956,1,70.8774900602109,1.0555284229583037,59.59749192469373,583.6189088460083
91409,1,NA,0.3824325785770406,67.73216559878915,334.7443442220549
36653,3,66.70897021590218,0.8965669102172803,64.27030429720895,539.6921932770877
61164,1,NA,2.411043642045374,70.76183462493482,1251.2961001386877
33575,1,76.7144913354401,2.7487441491716096,86.9665953497027,NA
38179,3,57.12533233665994,1.0357712248485507,80.75860897081436,669.305604120104
73769,4,68.14873767057712,0.5319439015773979,67.87127547907151,NA
36469,2,59.08795640100857,0.44737916905212227,54.14937497571562,316.19927810724454
87855,4,NA,0.9580579617158028,63.58828293496906,619.6076486457307
43414,4,68.05641358725723,0.2917961714549883,86.47046202774382,344.8475008348886
22613,2,71.92626206614518,2.026734479945208,66.6476176030155,1020.3248057067542
66358,2,74.77273678157384,1.1645616230475413,65.55894522352867,675.8827668098454
26445,3,92.04538688926897,NA,64.69415104882266,1213.2536252962973
87339,2,NA,0.7941007547742376,66.01710453609702,556.1635484793698
59218,3,61.85003487925354,1.473337416741997,72.39950140293463,820.4716388011759
58277,3,78.50434070548964,1.966709237300579,89.36970644247832,1283.5554857402858
77029,5,NA,1.471523607336415,71.73145477428888,869.9494178610323
61287,4,83.56612473735137,1.3546550406134157,62.722098545714466,NA
16849,5,74.7494629033999,0.6017195082887224,66.71956477615274,465.90181813252775
17796,1,63.724026412006815,2.0849456402161715,64.88588516809253,998.02132468669
67674,4,NA,4.513654074946079,83.99454653987821,2504.9797755319623
91583,4,70.70213104199051,2.829134634681294,49.24733264823905,1041.1009946945842
41586,3,79.36207527880948,3.096713828036035,70.47882333422034,NA
70584,3,60.90554734123364,0.815844587720922,64.44734291057024,495.8128487325672
50441,5,NA,2.7545288981914893,51.71230638432286,1139.2753327440512
37650,5,NA,1.7747990087444605,64.44852135987176,907.5420214300884
52600,4,NA,1.5791633320190481,81.44282762601769,982.6283742116282
72087,3,70.3882111064098,1.4455760517549483,74.43703342538976,852.2820454069166
34060,2,91.26829379781037,0.7933321683494619,NA,567.4304535471886
71999,2,83.63353434783028,1.664466999326434,66.47429209382895,NA
38629,5,59.5710842900974,0.523179481562087,55.647934660543186,350.08254362810106
49596,2,NA,1.6485915911185796,81.27038772654659,1016.3751139413629
39589,5,70.78539245567627,0.2979554887967886,63.30502655242078,318.2039322646705
37845,2,60.82052410251237,0.8793497801076788,51.57565911124023,452.7433962230517
81688,2,69.63254544968491,0.5729818855652444,77.00553206577119,471.94993270491824
48092,3,79.5767584171555,10.896178763553669,86.51961953085407,NA
44542,5,69.13661634999666,3.633178465924587,NA,1609.3452466370065
23333,3,69.73723714885266,1.3402010319696422,81.26017293346843,856.7966171276906
46512,3,82.03503265413838,0.6546398901296269,64.40935833658129,NA
89126,2,84.13363671174953,1.044961892476508,NA,732.1146994776769
78894,3,51.23068266525741,0.20215999208607296,NA,203.8888046191171
96772,4,90.49112134142783,0.7566516995385877,NA,554.4301777541722
29779,2,67.49840414098522,0.7659163089252592,63.53368874544084,489.2889938631823
56349,2,NA,1.208280887528966,71.98424666457531,726.8466221673503
42194,4,65.59355815018138,1.0443922891500976,43.813397906395124,466.8259961224287
27108,1,75.97122467244482,0.9922028694231034,64.1698034851653,607.2411196839162
33155,2,68.80611333182772,2.115293077640339,NA,1157.143351152763
60868,5,75.28820578803352,0.8955593992791848,81.46795385722226,657.6488064067767
20398,3,NA,5.685461054950931,89.88106573718099,3293.955241461784
99717,2,NA,1.5343755250935283,74.2925886051924,869.9225460205486
45661,3,NA,0.3852387038711608,66.28350268362198,327.5057905897404
93225,5,NA,0.4858314356031062,86.63224139233772,409.9626861557511
12416,3,60.53101224814394,0.952573401208576,39.597899513640535,402.2489397889599
50886,2,67.94455612648646,2.2248067094881065,73.2067276947875,1169.71723437969
37347,1,84.7730620582656,0.4104726933884593,60.5587910561095,400.76017734747734
16819,3,82.17703675055762,3.647618135032146,65.36602043552506,1670.086461567247
34238,3,71.09529701915311,4.968590551299586,59.71780952760526,NA
71839,3,80.62821622206053,0.9444146507016934,60.65460074855298,580.8130652791673
92102,1,58.23340832672121,0.4587054769802987,53.46145901767558,317.4959939834816
37633,2,71.665379114122,0.7781912277077502,91.7767964076024,634.6832234759661
43710,4,66.15898244194263,1.402050936156736,52.44990970166143,634.67211874522
70532,2,68.98524277464465,1.4571880411628249,78.69340814860679,887.9257258333491
10789,3,56.622281056847285,2.5596257749630196,61.66674770714368,1111.1975135302484
34927,2,77.05378939207428,3.6477958197958262,83.65235893055359,2055.904438354717
62937,5,60.97870740751116,NA,61.04061261056439,1140.4187622853817
45215,1,53.70898872537749,0.4054342257356645,39.923213976586204,254.0690018514186
70375,4,68.96741761366357,0.8211520178474774,43.577875873782666,415.62493612163973
48365,2,78.26826003702122,0.5107306099542132,43.53986720658028,365.02380271916684
57467,4,83.30545939533026,0.3467253484368966,55.294081647153135,358.8663796988653
44250,4,78.43552008741838,1.3556334050291277,63.069592148392346,740.0257523430483
36805,3,NA,0.6474383147507072,64.23383207201826,463.2563143320037
23306,2,99.41103717857462,1.2725183491395389,62.10449192174069,767.2297370848571
60951,3,65.62597957561742,2.845740387448853,71.61317908314194,1416.2632573427054
72855,5,95.88803987664723,0.7803645401192271,65.3613860160312,588.000809482065
53089,5,NA,0.9442626730059712,82.08900614938344,649.3979062071456
63705,2,67.6052579563761,0.664895400393492,90.35174446711856,556.0695993125119
54325,5,NA,4.109075199467616,99.74100514108083,2735.5025427521837
95849,3,89.73050963193853,1.6017218260973258,56.60870181870684,809.9903061740431
28421,1,71.29048742519932,0.5295015258130357,57.87034164087194,392.2989543360369
96069,1,68.30760626582143,0.15274013413313953,68.91106192027615,260.47797767170886
80731,2,68.11497412559429,1.563359986598401,60.606015932457574,765.4446871140236
56969,3,NA,1.240566078492105,71.92664181541848,732.2129305014917
19808,1,83.57641783999605,1.1808164278131137,59.9865678577816,667.4627364667184
66050,4,54.71595754380469,1.1188866245703766,NA,595.3635145801405
15479,4,82.31008767248156,0.7202856464509393,68.11685915457576,534.5780075241348
27222,2,NA,0.9385419789565587,53.02610901097413,482.01849263347293
50219,3,70.03488959801146,1.5663867890918397,61.222739892714614,784.5614660884552
32132,5,54.317293140231,3.626652033669854,83.27431072134452,1970.0807863618961
86792,3,NA,0.9728087258097684,75.69602188218789,625.5626204368273
92988,2,44.36839856534205,0.7375662435878674,65.91615505722925,417.8954206696985
21335,2,72.14773987101249,1.0498156505315004,82.88089734151089,737.6576106772045
27673,4,75.1328874446203,2.026160437555984,66.4419019598143,1030.9088807908852
70839,1,55.02000319730132,0.716882127229425,72.06398064039756,468.94558075401227
21996,3,70.42796960684049,2.1290420551399287,51.22716204665298,863.0263731746886
35001,4,65.54436405596043,0.44970358794863885,55.09601240536024,341.20257237326354
64753,1,73.26752761398534,0.761119415132018,57.77765628181223,482.1347791711183
65302,3,NA,2.900534111849257,74.82153759962993,1509.8494233734618
67999,5,68.5861703292665,0.7728742822380334,70.24446531538435,525.2531961611613
43767,1,90.74242726610174,0.6058160633488512,71.19517217463405,523.10211029442155
51342,1,NA,1.0543907206480783,79.04152003060871,684.6627980540115
91951,1,NA,0.2440488219605302,69.21194222928084,275.43484023352977
36919,4,67.9121496251589,1.0964737006515664,74.06415338459003,684.4393954508555
97369,1,NA,0.3676886525993273,53.73815887190022,343.02625906374556
32806,5,82.42713090875755,0.745486330955492,NA,494.5793265800205
66296,5,68.52728401006755,0.725335400366919,34.09890203163202,349.07545584283787
24062,1,74.87091854585465,2.766772129002326,77.66588243641004,1507.9685242615606
50585,5,100.09821608787082,1.908636225129958,58.09262764522652,961.6859975246214
85475,3,64.1512094041176,0.37490961611987267,66.9806036482254,336.7547502241724
45184,5,65.05199569683484,0.5461685024154875,82.59280981872323,460.09066206144473
47801,3,81.40994061270423,0.9340242763549624,47.616527252099246,504.82174404610953
66691,1,76.76970897412173,0.5084214963075789,71.76005314155682,442.55848370281984
17132,4,75.44184428877335,0.35312613431256673,53.677627773311315,333.46269375763006
63302,4,85.63010236277624,0.1194506050438676,60.146637522751014,292.09181671076544
49778,1,60.72675150954758,2.2122235465017557,64.25425873525016,1029.2818405262112
19021,4,58.345419154429656,1.5923921268487968,76.01079254603064,896.58271389478
51029,4,54.786295719168294,0.12556133354143525,61.23308065875464,203.90261939651074
63957,5,87.89234790451351,0.33878555831986557,NA,366.9064174789482
31453,3,77.4963833555047,0.5361648939024111,67.94507758821251,445.0383250333477
57771,3,74.696766881981,NA,63.528160100662525,331.46715382221146
46609,2,NA,4.930115121064995,87.61317472897245,2765.006875723887
56907,5,NA,0.5320826341105979,80.48230027975359,409.69972773068474
83056,2,84.45565650244745,0.5311892588368196,92.81799765400011,544.0631158074673
53360,4,76.91459040922246,0.985063780413918,62.443531824461665,595.3885064476358
99772,3,NA,7.728392743583756,85.93134994910187,4221.578220405612
16860,4,92.35929810480279,NA,70.06536036324164,3977.7553662315786
34520,3,92.43134602800843,0.17998281213580491,61.27337985219296,335.81878771657864
58418,3,98.39992469882864,0.1853927273260309,56.957654662798674,NA
27796,5,61.499220554903935,1.7179662672132872,55.67524487935511,756.5126314861429
34026,1,90.64834511752599,1.9732583548730365,70.83104814009049,1107.8132116176616
61102,1,NA,0.39829804658291135,52.475815328832276,328.45710753709443
97202,4,64.96269030938828,3.126720747316134,63.22166128394439,1371.7056099194326
68230,2,82.10232994615845,0.8765248179770456,59.75106791513763,555.4931091028018
96140,1,NA,0.21682264198620294,76.99229980873608,283.0678421137985
51405,5,80.10744596556255,1.0814835675991137,61.70520478533806,635.3383790544849
72451,1,92.69910792184659,0.792133914194632,59.066453446530126,551.6287436732122
36668,4,NA,0.7504230369203578,62.30539342346699,506.42643725384954
84652,5,70.91702945595435,3.606817515821881,77.2356305934745,1877.2064328312517
43188,5,82.21982066517249,NA,75.01462058590577,471.3365025537957
47991,4,69.52141485344154,0.6653231579092518,NA,388.26671045907904
28805,1,76.78432455342016,3.4748537607225862,69.72780920030199,1679.24860506752
33434,4,53.28219313563372,0.30893657284445064,57.32338381056018,261.40055745955976
78466,5,76.39213525746621,1.3434570891425293,57.04873703177964,681.7905090823356
71130,1,74.57572220948249,2.669628582418412,63.9244140215018,1244.024848901781
93818,4,84.99240189506224,1.2297465402391645,76.841373778622,818.6714989984285
78170,1,72.88037723868968,0.1329123787023932,74.40839600390723,271.50205054954625
63047,1,42.192619527949006,2.6950282490016204,78.63754232009687,1393.8366663830134
82216,4,NA,1.2311992934256712,87.25722460194419,830.685305641637
79749,1,98.79623381030015,1.930325615357278,58.66770617518235,968.5548160700023
12494,5,82.77080652031123,3.870725064078933,68.6659925736967,1836.1827698760576
52444,4,53.28086576160476,0.9178086827152571,68.6547727952851,533.9116493295029
52655,1,78.5210923517496,0.20610463290284214,95.559070072384,NA
33830,5,47.09843985302319,1.221614714048741,73.66946972801193,679.6134050278828
46877,4,62.50116100897635,1.0980515093107144,77.99330178538023,700.8836667596211
20231,4,66.375220226133,0.582114245103444,44.79728906977419,353.33067030300947
61367,3,NA,0.4465807989203539,96.90776714502033,420.7189906318439
35159,5,105.49561711414502,0.9966185311915624,60.86236085415978,675.7410042152982
65595,1,79.61640432387532,0.28794897141758485,74.77451964828468,361.85505036388145
63205,4,53.77259264711821,0.8399681379096139,47.369156378788496,394.56271425333375
98208,4,60.14370911182722,3.7464627645438653,57.19097318672091,1460.892412778611
13555,4,75.44529784168363,1.1980892568982071,NA,730.2754251209235
75126,3,73.58772098005764,0.5980608318977412,60.683888312610236,434.9966410146698
69931,5,68.14772264569993,1.4590438613095358,55.848730122279235,NA
13485,4,80.5624714180128,1.1474816645256178,56.1372517263839,627.8063593608772
17942,5,63.99034757203896,2.301094386819494,77.88872673226474,1263.5021847166377
82721,1,76.38528301444059,0.2887545712742772,63.36904695379821,334.96820593838413
74987,1,73.60095613277906,2.728010674275972,69.63886993080071,1354.3586641380507
77141,3,78.44591175631892,0.828450701220546,43.112963367068424,443.64480091675017
58618,2,73.52337714884273,0.187184193049395,46.655411829333424,266.6830605139898
