id,motiv,gr,pre_sc,math_sc,sci
8723,63.56644695183516,3,1.0413680344809146,69.45211608156929,600.7157795324061
8300,86.22339754522201,3,0.1407457221502103,53.28962947815294,572.6684848573865
798,72.70581018398029,2,2.7644017737832978,53.49673519428872,536.1872213076308
5731,66.40073365966322,2,15.698285504128096,92.62392821477174,752.905942631617
5114,59.23521262109456,3,0.66607797580143,63.368773960907745,551.0936188194473
1853,72.2758991012926,4,1.8458496885302864,73.56218132318303,656.399224778903
1302,74.35433858860722,3,0.5036213370885716,57.65672907944479,562.8720421312454
7139,73.55376200358278,4,0.3735828358844485,72.7970480765336,651.794603113135
364,60.491353132969635,5,0.7699559485078868,76.22818600555779,633.2283025417369
5296,81.08903046980616,3,0.13177943912180975,61.88539551998688,612.2947255175245
3632,62.0483189006277,4,0.0711429314979935,57.20219909435498,524.3696244701899
9743,67.10700322233188,5,0.9674138713353413,76.40761793674382,656.6283446545734
5330,67.07581339241406,2,0.6839736839251314,55.36236861596088,531.3855844917351
4589,77.03334633157779,1,12.276705343695873,78.20649901827922,697.1015016996457
7796,74.20923148854146,1,1.0732043407269736,63.76685539817836,599.5180610123471
5700,87.43081173971387,4,2.094477699970391,74.48685347698718,703.8918633969685
4695,70.92521159947714,1,1.1784927488058268,80.5495170127909,688.8584114161124
8151,72.69929903186605,3,2.3365047213728256,66.69429460951211,613.5319725423064
3596,84.0488414706427,1,0.2983115329428975,64.64251993060556,635.5361145581795
7705,62.24764854323813,3,0.20603598768105671,58.81247360363775,536.8599863757992
2375,65.73938971783969,2,2.252069266764833,68.44111336242774,603.8745104775177
6031,103.06660541187435,2,3.632375503028119,71.86998641147613,734.6008770619
707,62.445235597629036,4,0.8017962117801308,57.606119089660744,530.6521930630961
9798,48.21627185036998,3,0.7867864471996291,70.14846056693503,560.3678729507501
9511,81.51807483516697,3,10.001113145666853,86.39620326738833,761.4038598941808
2086,70.59076417807559,5,0.6084392698031037,67.84242530959736,613.9391486440959
1137,71.84143106169738,3,1.171910530767498,67.9876223157416,619.386469179858
3280,90.92170785399219,2,2.8773177316824206,68.39894039404135,676.3968597379178
1037,74.48473699840474,2,0.3633162518927931,48.001672439343174,507.7715605572144
7873,84.50896300067717,2,4.257683613324061,53.3408590420791,566.086119030549
2260,78.65159685136638,4,0.5895490356746578,72.5763881335423,669.2653376256696
3904,81.10440308984589,3,0.6721821990019449,57.71476620337879,582.8109383034663
783,77.90964830593417,5,1.0833137355762448,41.554725188132444,477.06108005618233
5217,67.4545797503132,1,0.5453089236240809,70.09010258575157,617.8829426655976
6721,73.61949977688883,3,1.9252170175971748,75.44770567383019,669.778465526668
5176,54.07948668674611,3,0.03687643620133552,64.81180303266238,544.7994827333024
2553,76.76851123035048,2,0.6958737426235566,63.13812297075013,602.335874881097
2693,66.31288197316584,4,0.7454879157241198,67.42511379030817,594.4348250990506
5787,86.51364290877022,1,2.3831514969982184,87.209598291637107,779.88967628619
2410,59.58874614388482,3,0.21869538099321698,51.502940230816414,483.6116802874602
8381,77.27004201857223,5,0.6313687650747586,60.579700112092326,591.2093694530429
521,68.95727387490568,2,0.1390471585566764,80.24908372901587,682.992721344983
4709,66.22337758514999,2,1.7778293289676033,60.82023949665235,559.1400124126782
8624,97.0415230550407,3,2.191720035503367,63.81250197130522,667.055215263488
4996,78.36195442210797,3,0.9582379443422595,53.93572763268415,553.6303775685021
7228,64.50023387669592,1,0.5404947093913168,87.83524340435874,713.559327197686
6873,62.90269139290022,2,0.45099864403116846,79.16224120103163,657.8161293231318
4512,80.04906412597316,1,0.5010014882298165,70.8142589919989,658.1320939664331
4594,76.56245334516974,5,0.5618733361508985,63.489261773453094,602.5520503375226
4786,71.05462475327526,3,2.15608176855472,70.13220852084665,628.2933957685316
7342,64.98338225968394,1,2.0322600493204317,56.696261794836325,528.4622120528383
3193,82.83942773123466,3,5.012243536883968,78.52424111070538,715.0443879632749
7963,96.36284883322527,2,0.1854115078596061,58.3537074209268,632.9289239575498
2294,88.15317497479519,4,0.7117743263666947,62.75396026813673,635.3144449636442
4075,83.9448731882559,3,1.4884870796885352,68.67622359029093,656.7358795438482
3324,75.88365874371804,3,3.308383447973543,46.89025143596707,504.6899778178316
3520,92.30391563751965,4,14.662474062794935,71.83927837602127,700.8216018144483
387,75.63180097841207,5,0.4724934325981471,91.21146607466338,769.3872233547897
215,100.84900670396496,3,1.5403332696381729,70.28501662586052,717.396884470156
1370,84.94873419563153,1,4.837210777780173,67.66719829839157,654.7536194109151
503,63.735724766955634,1,0.4850466827203581,68.39316534653052,596.3643263653508
677,64.96853252166346,3,4.392005358515695,57.26486615895456,529.1391829157086
4248,81.57667973651952,3,0.5901955430911042,68.30282665004323,648.0860084297066
4303,87.70166407495694,2,10.948782669388486,90.4755609070106,798.2439112385248
716,76.60503905464593,2,0.7033097770097985,89.0937617800799,759.7869035875409
4956,84.38053566990939,5,0.5410999689575425,43.38055131266586,507.6957415487032
3822,79.2608499239107,4,1.3824194304411983,67.72794591277695,638.8603059766805
4900,86.38555251445351,2,0.2897241749562193,68.5591761583672,666.1943345153386
3154,95.86869272269648,1,2.029248327745344,74.76122120272916,732.4484421005741
5156,92.29547507475812,3,0.2887879713199035,85.98918066737693,785.3326569747056
5007,73.25957550320211,4,1.6327012556075786,51.975002858402135,526.0493269439472
8630,73.1443598518379,3,3.5495898232503516,65.46037410513497,604.3016075810972
1117,73.72799699252325,5,2.9697298242375996,73.41543746946247,650.2430163419425
2046,72.01857288182991,3,1.0898205041697069,63.65475071390664,593.7946552824569
5862,56.20389283802721,5,1.1729773915821204,93.89983867230461,726.245395877678
6660,74.58416461710472,1,0.46124164389202826,56.26094730162648,555.9726459293389
3037,58.89826392562086,5,0.44458891618694596,63.10309700739301,550.87963824201
170,80.027987543125,2,0.7298849246403607,81.19550225390473,723.2686436989037
7429,56.302237984903684,5,0.1556698256239135,82.78804861369957,660.6453109957394
7553,68.99886830376288,3,1.9268378777368158,43.602397938429746,464.2824011502885
7318,73.29179706780248,5,0.1436541086520214,62.49412987871304,592.0965163347304
4468,70.44259240056617,3,0.4977241610223466,73.63681906797264,648.2932549856664
8452,79.84152071836526,2,0.4108094609960741,61.39791011286502,606.1736436121774
9576,62.810201986123786,3,0.48854073444828866,72.75056426115842,624.8180746452017
2297,79.78363669889218,2,0.8403196542850473,62.74806419327872,613.2281480927085
2834,88.8120766313026,5,3.040308989416436,78.7343473995652,731.9450252739854
9282,68.208715637953,3,2.1133850912346857,91.46122045714435,747.0481559918438
9526,64.79699789688038,4,0.43511736618966695,75.27518810762935,640.5486409585108
8663,77.25119951925255,4,2.3698193673826333,50.503813440950445,528.3875768762863
3102,63.205925459691414,2,0.5097557834287834,63.518246859593326,567.3361784370371
8310,71.23157478750203,4,0.12812674405050853,76.10706228552027,668.2133848824321
9700,60.985815351105586,1,0.28096934566070925,58.76883694775124,533.5943093114153
2465,87.32379795571167,4,3.273117362816907,75.00075690085569,706.1369031435402
8107,70.74768724447938,3,0.9065945689912794,62.99277846520009,587.2324576849211
3074,69.1360043748012,2,2.2585660198162767,74.02287046112042,648.877778954048
6869,58.22781285443409,4,0.5245647994706405,63.360509087025164,551.0363437891191
9444,74.07450298602723,5,1.065055886915875,75.76714310552714,669.6801252971785
7345,86.36425303607807,1,2.4387870525980655,65.9843521015959,647.6690859377001
8007,70.20252866727657,4,1.1826075756685681,57.10615007846477,548.200397488807
1357,64.9624945535641,4,1.3990777472922662,68.19311384223825,601.0924020841866
9844,68.68289404818464,3,0.5911731850165683,45.794850082293536,474.3057691616638
4374,83.19284650654967,5,0.3409392291253656,49.53118872084467,543.1265644980463
8412,81.56627104115528,3,1.1315907777164549,57.654162087468045,583.1675457541711
5732,87.1538959534143,3,0.05737064133066383,36.32989295047293,477.4638185491465
8640,76.1384021171873,4,3.0567520691258068,70.8345150503107,647.1027976709454
1047,66.57677600501678,5,5.3565889438982905,45.58479710864301,465.1413532371843
1715,73.40203481552996,5,2.7335032442063416,84.19696439434802,717.9238950125491
9897,75.30398378878385,2,0.8067628906315314,107.61768406214992,866.6680820040955
555,83.43483524174522,1,1.3796575755565141,61.980396712506945,618.3448250192478
2713,90.94472013652106,2,0.4721239247389632,67.94303914653305,675.256960467975
3053,80.71094626241684,3,0.784715695481077,57.09708026365448,581.6196499693496
5809,75.65782141163163,4,4.526983929279983,48.06243555353453,511.4387488018596
8776,44.483799586023856,4,7.165975285040162,63.32312773353546,507.43377392119487
3486,57.17567911893285,3,0.021882623796246538,75.51959541991326,620.5577914045818
2989,59.45448069919417,5,2.5272692785656554,56.00990043197167,508.75832830990015
2425,86.29172284008544,2,4.886136220538689,56.69397107550889,591.7691859051879
6035,71.6299038743487,5,1.8055464941603745,56.07178430153081,547.4305019121847
9963,62.84903928060514,3,0.14703817978077596,54.88900934041831,512.0694398133213
4747,74.00182725706114,3,7.441874345670387,60.342841593291105,578.2364888429419
8038,97.78792175933741,1,3.5279129544663395,76.25529988729717,747.117921124429
6270,84.56087733515257,1,3.606145673869087,63.61568157431895,632.937759528962
6429,67.7680506721545,4,1.0632201832027792,88.88623026352514,730.8802962485707
6455,70.2206574749988,5,4.287606533301334,55.732127662496985,538.7071433593698
2702,65.40699266434338,5,0.5623411652599072,81.12215811990932,678.084747231249
4952,65.73584917060256,5,0.9046355636566848,79.35005465313131,671.9655112297613
6236,89.71324351997609,4,1.0475109358460348,53.58319932954631,589.2934395373347
9662,54.368465172556334,3,0.9281187996571586,59.53933044149584,513.4197272846807
5090,82.57522226199846,5,1.163783049881771,68.65319532555199,656.7635429660583
7876,64.21423043491717,3,0.1952095727786489,78.17575032664226,658.755344589374
3395,56.85692696552719,2,0.20064668907086997,67.05645915980095,570.2531733684872
2463,60.284025123350084,5,1.4379162266353622,82.17124690899509,668.392776253521
9464,94.61205657690437,2,0.6222948957359412,60.67961641807877,643.5811643864066
8348,54.40505524862306,2,0.19948838565301155,82.03381529532965,649.0630019794722
4743,55.32899221494825,1,0.8173770455114394,63.69547143249155,543.5452613392888
1526,69.51507928629854,3,3.752578180066963,52.456658204001315,516.3065908667329
2291,66.99698268596754,1,1.6365667314080148,64.79447599991185,584.5688532837207
9203,65.00922716597933,2,1.254267956517899,55.715087874925175,521.7427141509557
7118,87.37054155694734,5,1.5496479961918332,75.87387236279535,716.0477786322728
7379,74.25272827194857,1,1.2713274258478973,62.645309501726125,596.4094656966347
1570,76.85233264761548,2,0.7336479913377258,84.28359920048861,731.2556470717366
1614,77.06892065322926,3,2.777658546750607,84.13541861266786,730.4647584712745
5512,63.35702311382194,1,1.1981409641423764,66.2739268164736,585.9454317215816
149,56.28590887203752,4,1.007109916759247,70.36331337243836,586.6715139380825
4609,54.49753435049887,2,0.3638760276253454,56.438865465604685,497.7454428421438
9625,83.82148504603123,5,0.6150389374504832,82.81082587598212,741.4425343619379
4653,84.18545946547287,2,2.2013717318961135,80.59785314433985,729.5502566665147
4863,81.4829347334913,3,2.1990726589021476,63.21767527019073,617.798424511022
3589,68.13841269482626,2,0.5796061961699072,55.91338527412323,534.3929892828505
9965,84.21615140860571,1,0.19021666494644995,62.024799611521566,620.1705199361694
2016,83.81809493014315,3,1.1284050432525081,58.97189505216679,599.3645427651678
7684,69.10099188378386,2,0.7712066091662619,59.46715868396746,559.8563688189568
9609,83.62285247640092,5,4.4061124725260825,61.2277947261131,609.2980176807284
379,87.19958989512705,3,0.20640477811366698,68.87702738362239,670.0469939260043
424,80.00643965071744,4,0.4023251597688623,71.15322395853329,662.1783374962946
5166,66.85683077977195,3,1.6592961189861897,49.71315789988693,496.9287055604028
3791,76.96729209156744,3,2.897728580523734,75.72968978382443,679.0940326912424
4449,57.30781513180485,5,9.032308763398467,74.18571424903527,610.5206394053237
1595,73.33350507041487,3,1.746340242688348,55.75204817933167,550.7454787035911
4106,91.38284424523883,5,0.8610061309352294,58.15838329326006,615.9694669854945
1635,95.90113356803647,5,0.9344193005446362,56.14107897441066,619.0983137176803
9566,86.89244438504703,1,0.8154385254731351,64.26152138904126,642.718123011997
9769,78.56690632721154,3,0.58169468350346,70.73994187659635,661.0936771510471
8697,68.52641516026807,1,0.3090855575544861,65.97117711529178,596.3701840804671
5657,77.85356527556706,1,0.5643442768336264,43.84929805405581,489.1600426675896
4583,56.966102316399976,1,2.1078024244851665,65.87738409815425,561.4156065853508
8727,99.23283455712232,3,2.9283454956049186,82.59776587101176,790.7375151261027
7353,83.76993769252834,1,2.3650668756880093,73.58963536347571,685.6111384302596
1877,53.60185978511261,5,3.5123786767911325,81.91357563696653,648.59258887496
3220,66.41085317556822,3,2.8215637567375347,93.41537215666247,754.8125508268993
1602,77.15765399343815,5,0.8754404553908381,83.35558858952511,726.2096691034852
9288,57.916944206579345,4,3.943300930133304,85.86577983216966,679.7156417228674
6022,75.77030039846701,2,1.3100206130915273,67.4539849083111,627.3010604695687
2253,74.5508653648669,4,0.36682263440430457,95.77247559985467,795.6579209037245
2789,86.26991363177308,3,0.7346098782825115,52.50613271004188,571.1910749272204
2073,76.43940933284257,3,4.792309203607239,80.47669572348343,708.2366480661278
7276,90.21174694921247,2,0.5307187626986705,70.26069670485802,690.1458926086568
9744,62.12872187454214,2,1.6784861388351573,55.11204619838016,509.3537929518198
4196,88.82599473661682,1,1.6730108885682824,48.22256461867002,550.2506267793788
915,64.54157535962833,5,0.8177885347998949,64.540925930091,577.0388183177479
6635,91.29262399183955,2,1.3127019082924196,52.462526079391615,582.6351930605647
7945,73.49161530886768,3,3.7788645817526643,68.01676725970252,623.5807298173986
3174,96.97689051227768,3,3.3605260304685585,72.9286823105401,725.1696177753902
9515,62.828159615671616,4,3.3280507591498876,86.7117375233128,705.343058946017
3647,67.61672532310806,4,0.9624738789500835,51.43516933995615,508.4565325366733
4893,90.93785519461822,1,0.2564786135470616,61.7735295494382,635.2699259579757
7222,69.84763952487283,1,0.41480009344115765,48.92896992195287,497.9559483827919
9154,76.1057995295238,2,1.1909269121302215,82.05341286596487,715.2504123209123
5040,78.65633266957522,1,0.4182532760222835,78.07394480199983,700.0516729252892
407,73.84454435380728,4,2.0230623652229998,52.82722605195279,532.7281750936737
2483,62.22690151559887,1,1.3768338211385516,76.44240389888932,639.4381467759808
625,78.55227835935597,4,0.6568151031867561,60.34000650737698,591.8938936726603
5897,77.45400010051443,3,3.1118116918610235,89.55695327801826,764.4499447901014
7119,69.85721830382046,1,2.119729057514542,67.14858321206727,606.1592439174615
8324,78.04022224431455,1,0.6925751804972827,53.47737609459488,550.53727589868015
8485,62.3836095674788,2,0.3829313149157805,48.27362334516014,471.5051580886907
6369,72.61667815965379,5,0.619990017398609,31.04519441443095,397.19926279251297
8206,79.6374229960867,1,1.1086512150013974,35.061967348812026,442.1971749212674
6272,75.37135887945529,5,3.380031144264592,47.10822821670023,503.6400278327568
7536,60.80949455801201,2,0.09536955383332577,56.847178694455714,518.5424489481876
1837,70.5097320961643,2,2.2032706334186116,83.68835055957736,707.7583221655856
7382,86.19706735433773,1,1.596835239198776,63.34360794223106,635.4604742290821
7964,58.90110677793925,2,0.80864015504872,61.11476774988949,537.5770869940504
761,75.19638738514746,4,0.6352920696137341,49.750868425572584,516.1363071137432
9923,76.13566221673632,1,1.258526997787141,89.93724481066909,765.0270082068087
9761,65.08684013751686,3,4.446539035583382,62.64184771441496,564.5007467676073
3162,73.7699391038471,1,1.6671251113527936,64.56546535019844,604.0430857967547
8999,90.6596667755816,5,3.4820374688360247,91.40423401631055,813.7598223783647
9501,76.57111792196764,5,0.30195677614518324,84.75820480704688,735.7806371891297
511,71.7403904300165,1,1.130327008462646,50.38195343429446,513.3955570135068
4782,62.06058587596305,3,1.6073378949022175,52.97634371776602,499.2899497373868
2256,68.86692867915109,4,0.38813085378971135,69.1211533045841,614.0008446273848
5104,79.63288195675261,4,0.9269481168422894,74.94114791917355,683.9330288651396
6159,79.62467583781687,1,0.6542489094034067,81.64654735077846,724.5879914924734
6573,83.37003263303569,1,0.1087431603403502,69.3096093486368,662.2456471969697
1138,79.81911719247252,3,0.8653457083559256,60.16781573178097,597.5548776803953
6737,68.94294373000511,1,1.339696375714492,64.59754304594077,591.4148245529389
6452,78.11493685774057,3,1.552724938205619,70.57726786081732,652.9142464335573
8790,61.15163504382353,1,0.8955627972231304,66.72379051984507,576.5873029091315
3776,78.42669041395763,5,0.3333605556364942,41.61708358645956,481.38908470634914
2017,82.86356730676891,3,2.744599223954093,52.47051302105077,560.3142877086775
9670,52.1593683172025,5,1.4783889924895435,58.46096211248147,499.50727394506555
8817,76.39084027245893,1,0.5967808436360617,69.15666911962195,638.2459266072195
559,52.36486287909258,3,0.39572274898134646,37.044044953026216,378.2386810993446
4015,97.11004843144,2,3.5387108199732267,56.22328194626617,624.262785290116
2477,75.314693733095,3,1.2476330016791437,83.55982456657708,723.7486151372925
7756,50.54460477921959,1,3.9148457280787956,80.16939828405681,628.7931494084964
6669,81.85142090423939,3,2.675471490084975,53.68241739679554,564.958729269394
9290,55.67646321637787,2,2.691954518640619,69.29787442222059,579.9127428088552
1332,76.05080762804575,5,2.787220524614645,69.62905243922339,639.2392590730918
6346,62.219036862924355,2,0.3499565381088479,75.69153044047968,637.3546849039682
2009,91.64161118080514,4,1.2865425599387812,75.52470861568929,719.1121869423413
280,77.0195676374494,3,2.577096659812837,55.430375193057316,559.6348309042997
8567,68.87927219307161,3,1.3794418971134654,72.81595398134142,638.6037413615506
4531,94.6711615386607,5,0.5470385973474603,60.77416859346335,644.5056140976981
7191,66.43464284522331,3,1.6704564986863066,60.234703471539774,556.8999961524028
4878,60.58127328265891,4,0.5521077239482448,83.77187927327722,682.8591491439583
326,79.34028650067441,1,1.1012571699644376,74.52290064409183,682.6433031848579
9172,71.78247668573206,4,0.5533995464567185,52.356241500542275,524.4522165455693
3081,71.09175106930066,1,0.8414298253731736,53.33064429147231,526.8310961384435
4005,70.52297540862489,5,2.69952319503124,61.1996136951233,575.4936690952034
2945,84.75394657524345,2,0.582142259044541,47.619537865038765,534.3640717125976
4318,73.1136022060336,2,3.4947993816250578,82.84876140283247,710.179963496396
1699,84.13172166046456,1,1.3396507267739224,75.85078821189613,703.9747471187712
435,76.66501870274105,1,1.1592598899945032,70.20188734220801,644.399668673622
3613,82.90499142059376,4,0.30848915052012127,58.51640312987659,594.07732873683
1451,63.50483855288164,2,1.816997907609918,89.76654288320819,724.127305722348
9980,83.02922796853903,3,0.975217775682616,53.327670920146886,565.8013922798125
1305,82.30392377948144,4,1.2751891923516887,56.1490226249198,578.9380359554877
6723,64.17483519292531,5,0.7632075163330314,68.33272146287314,594.6945259823736
7513,73.17671117376494,1,0.5155091440752848,62.17310880182316,589.2938046722264
963,51.707358689241076,3,0.23395842406675313,52.8257770090795,469.83464868150526
3650,90.39044208779595,2,1.4872986404302466,47.85132765910729,551.9805741280966
251,76.97319972650818,3,2.4810451249587118,73.91483802796077,669.1647940338713
8437,71.21489429363727,4,0.7431051374423638,90.33686104903865,748.8683733706908
4138,85.50586639882235,5,0.8980590605217024,65.30501404954053,645.7765387138236
9624,79.86019031696648,2,1.2921960193892261,50.404702389126605,539.9523884325379
9434,71.70324571813741,4,0.5458793650955289,70.41034405262972,632.3000014546757
7658,81.34697315220284,4,4.126842019262117,78.4417847824589,706.7726779343001
7034,66.61381344276448,4,3.915031916328621,99.80069251572223,790.8242463483588
2797,66.92353429878101,1,1.7436207708984444,63.10893759674508,575.8323617505537
6122,61.242332053031824,5,5.335794311358069,77.23298442885742,643.4883046879917
6403,70.37074541925749,4,1.2953862814346295,70.47863941087947,627.5880998119356
8889,79.08961298566012,5,2.086443058209396,53.71182266865072,552.3288234608258
4403,83.92222501538595,3,2.563034522438513,54.238663034758346,570.6399333354613
9223,57.71750682324604,1,0.3486335102111542,32.82618713842193,366.5662253230978
1884,93.74395296880843,1,1.5119334794450463,73.4103938167274,715.1342588494203
781,72.42022769071147,4,1.0608228150167245,77.75195161247578,679.6935888772773
4667,87.29395636820233,2,0.6897703718249509,89.17455413373236,791.8723999763788
4204,81.58529175767805,4,0.13165383715474502,60.23470344101703,602.8819247553038
9398,74.64665938627297,2,1.2115774667581882,77.76179521849744,685.6666929357775
4777,55.934725572108235,5,2.298799748021233,66.39666626585942,561.6893156516167
2698,91.81326702955774,2,0.7172082093692305,72.88417030953052,708.6513312122677
7070,75.55840690436594,4,1.175260327385234,66.97564377836059,624.5859283334269
2708,66.85623786144325,4,0.881771792877085,53.93595498411418,518.5531843004615
5180,95.01553218132304,1,1.6762484020620356,66.95385802369695,677.5904043704966
7811,59.7846621300891,4,0.10971450017893514,74.32352590670592,617.9698917863979
1846,55.89584380676423,1,0.7460662533609567,61.402030497583254,535.0817984429934
873,66.55204633911032,5,0.7450648226257488,67.68073046436847,599.5764057311119
1145,63.90128004645251,1,2.6320401257826456,71.5136780219973,615.1251786375248
843,83.31457620028756,2,0.6921368889600379,63.467054125838914,627.0602958177237
818,73.01912691916536,4,1.0601149632275892,87.25667067459254,734.6784182441103
2614,72.16577487952806,2,1.2808237744142532,65.89536341511165,609.9398119035719
646,70.04263555534222,5,3.0806446977697823,63.63436647092651,585.8197512035588
2874,47.88522517842999,4,0.9807117201801068,64.27425228136657,526.7313011035948
2226,78.55249881100218,4,0.2091454802090034,73.95908225036537,674.529328472636
5587,84.98270821277495,5,1.1644436754626135,69.24367518750428,664.3745880853214
2395,52.57144069002577,2,1.5830001350492136,94.88833300673551,723.3374724891472
2498,67.890146976634,1,17.291000182125927,79.81084611500552,676.158084204338
9453,47.88088527810111,4,0.5468208921995584,70.98852869824088,562.8097413799929
1503,61.0108071552447,5,1.793633741385872,72.65825136116035,614.8333486626186
2605,88.78043217823698,2,1.772553064944239,73.57277083794358,705.0519871052578
3723,72.34013453034262,3,2.7013796995620267,89.11598488644721,746.4360284869181
6006,61.862286419990284,5,1.7710357197481654,66.09286545512853,573.385817416184
9395,51.08504022483593,1,0.6345368027485255,52.54335185570563,462.73594053063533
6779,68.94938269894062,5,2.8532345166669524,68.44207534880917,612.6950483801248
3229,57.89801429724743,1,0.6167059632680431,68.97899089692503,581.4855698456483
3859,56.831942077216546,4,1.9988908817054718,55.993362988820884,498.26620360996696
9514,67.18854413790677,4,0.9785982514589137,86.1882198551303,714.2668791000915
6503,77.98823525072301,4,1.205487238099789,65.83380766284536,623.4652004511855
9343,73.16976656956076,1,1.5585500896609104,77.31007905917285,678.7307142713872
7133,67.68048037224338,5,0.34397635330201976,79.39807712235789,674.1734185273929
8272,64.5923695116527,4,0.3913069649398964,68.43326899010938,602.5414217308526
9344,65.78645952933583,2,2.308784722983592,72.62884271859004,628.2117583442929
9107,74.18523939331138,3,2.6091634178705183,70.93661823098677,642.6683392510804
1606,76.7564206368311,5,0.33915385067471476,38.50495437753088,459.5006924219759
2111,67.71702332628053,1,2.014378775617665,56.79594726590153,537.9198017042572
791,82.31688417870727,5,0.663868904010506,57.22255144760727,581.5250904928951
6863,74.610011472109,5,0.5278157912183028,74.52215370110221,668.6818732657897
7807,109.13694556872457,5,0.09084272589799078,93.83514228796341,883.8026215192344
8052,71.80094953749416,5,0.4851483699277506,69.63448859495371,627.2515059349538
6286,63.43427162427052,5,5.515444981915518,76.78984376307332,648.0486215117952
5745,69.68928617962337,3,1.8438313371288106,64.36992193881638,590.1694172388029
4394,63.32191528662461,1,0.22705176662511783,57.69170538821734,529.1993791339418
1135,58.922224293588314,2,3.000298233487935,51.840164948884805,487.47335136507445
4448,62.997489039676296,1,0.4511566154347911,63.72395658826373,564.4923639178689
1040,65.36595562454927,1,1.2215884258923866,59.56899901598637,549.5828313266611
8175,81.48769046613361,3,2.2092542143118066,55.97258327674616,574.2414948662584
5340,50.35492858121329,2,0.4193937289705089,59.61502194794604,504.149190379138
3052,64.30310521429921,2,1.0790855596100992,75.27533323501967,637.7060408674134
5480,87.80396041741538,4,2.358083929535685,72.38667239976193,692.5239571337956
259,77.29274466757883,3,0.6152391354244942,75.32532335795678,680.6262504096345
448,83.23421207958981,5,1.3884028400659294,81.28510785283552,733.6521472115838
2785,93.27587226399079,3,0.6753723854146929,55.487378015260965,610.5818519872984
8899,90.0018609132002,3,0.32501893556149675,87.88222352958574,792.0103280108007
7089,76.04382158640269,4,1.3029377855526088,85.23258854660205,737.9324367336085
3749,51.80564719575494,3,1.8591776893042484,75.23860704025256,599.3760757707951
5750,66.35687053778717,4,0.6074675770813289,77.66679782839479,661.3084138892157
1122,71.84096867565509,1,0.3360052007763861,69.24882283062755,623.8607428963829
6348,60.112223673293116,1,1.047668757636513,78.1279751263517,644.6771186660928
706,62.04563305299124,3,0.7240933993566431,61.89507837898718,548.0538856097132
6775,61.90960335780879,1,0.36974012322918676,76.09011893577478,638.7964240975491
4972,67.17231493000695,3,11.938547042339593,89.49560658172545,732.3335080067772
858,72.45468831356038,2,12.250523083624326,54.42099824080032,540.5110966610421
479,75.64993259574376,5,0.6363663929124969,55.91195302951267,555.7694191868077
7363,75.18368491335976,4,0.7616330351680982,81.98859994765832,711.4595686724857
4506,62.12504730226013,5,1.4032098902843635,51.33348189680073,487.5011598818083
1331,61.306690710009136,4,0.27479986660021605,77.2117191322059,640.7527161276226
1471,72.87577645906715,3,0.3678839741363502,70.1508336979507,637.8413385255274
9626,62.163189335822466,4,0.8293819286747649,91.88116862859542,733.5646062095902
6652,77.76850822429925,3,1.5060441883628173,89.11281264165326,762.2546665163624
7387,71.50117334735097,2,0.903332804005727,62.42881506403948,585.3058385169068
6133,91.52059313313137,3,4.305910329511997,66.91798443782046,668.7162720185758
4760,76.43983537659508,4,1.3867559170206876,59.61053007631056,581.9687731452585
414,58.42562300118123,5,0.8696083299861489,65.33071761124697,561.7877000369984
4852,67.40659547138202,4,0.9674236520143121,55.04366498519429,527.3459879676411
7431,55.93437988151781,2,1.7106424068304988,73.47867934894111,601.7944151441417
9781,73.09130115283368,3,1.1306628159600682,75.12694854488618,665.5021329540206
8491,67.73440085640529,2,0.872852422243003,65.32585470026028,589.6237478567697
7204,79.11736394153756,2,4.5335558544645584,57.44041634777863,579.0263432628693
6626,62.61560207806996,5,0.35362351750121457,71.95916371430847,616.3987186437387
8850,79.64261684868983,4,0.5037141670190067,60.16465275933717,594.9487210764731
3410,78.11210883255565,3,1.7140624249478795,44.68585541562292,500.9849598769813
9783,72.46706571513923,2,3.1101619592416827,63.518478550052045,596.089344832178
9174,73.74376200975995,3,0.49625396469852917,78.96763460387623,688.3668205107684
6544,69.4805246769234,5,5.456176831823703,89.1543549452809,738.5279287241115
8911,85.32540106065674,3,0.949730276728035,79.66375869683463,733.785967290976
9394,80.27059430142421,2,0.7817598896292481,43.21648116174072,495.9234680686786
541,71.20366816505083,3,0.3900132333512178,60.157650004261626,566.717527824529
4945,73.48871175424242,3,0.8434307102559304,54.72393734158453,542.9011476792708
9669,73.70226970560688,5,0.33912783482123665,70.85777918905413,639.8202095164862
5616,76.73415358002238,4,0.5551587314247934,72.697314897937,659.4994043330842
3567,73.64671839720513,2,1.1935741684919696,69.54275234789057,636.436422668078
6754,76.10181298815293,3,0.45014756200344086,60.363532012069165,584.5331113635685
3923,98.15523760346423,5,0.32936399266804467,66.06861709641228,686.4266435729762
4045,97.80674649818013,5,1.102085963337995,72.11236358552381,719.9197648884257
7504,70.66621509708469,2,1.593424363755271,71.08214187361213,635.6225326104725
792,67.53935473027907,3,1.0327654874690624,65.95049664594583,596.5360093772983
6003,84.50401343112321,1,3.291195836423728,71.91897880963836,678.7652195331302
4565,73.86717847276536,2,0.6559609068849,59.9125293910856,581.3445828913489
623,84.01545948773861,3,0.8073913373653488,58.589480767689146,596.5770585328333
4990,71.27172427039167,1,1.6821292611902836,57.107667820385906,549.1441476328323
4419,66.97002536393454,5,0.2848925069597073,54.81614442284524,520.6806913185527
3623,70.36457733068896,5,0.4049459359109187,47.01594285064817,493.027601078434
8339,86.90875875963627,4,0.6145250439502454,56.61599603863071,594.2418516175276
8655,67.61669352684837,5,1.3000895221634026,59.05348231080214,552.04850411407
5101,58.51829219134181,4,0.8716525031806988,73.27313023053046,609.390644975041
2845,76.90862700193657,1,0.9181085026612028,51.4831250933589,533.6109887158569
1832,46.3165194020052,5,1.1168562535517537,74.2570931245362,574.960530677975
5669,65.90921406191484,4,0.9955898366005267,82.32877497527926,687.7311041662894
5679,60.19557605966429,1,0.7266923396152338,66.83692011835335,578.1137838110152
9573,60.52949721641089,4,0.38370825588762125,80.35648345258558,656.5335530261551
929,85.05111536150727,3,1.6324747387715357,62.08688433774092,627.5314495512087
1834,50.63400288990209,2,0.6754121291356736,73.32593218305594,588.6509857805034
4806,67.44021321616565,5,0.7183594394201099,82.81683132297971,688.7850098664053
9563,80.34755235312663,3,0.7269649453136974,62.70842322822936,616.0968674389705
7449,81.50809009695536,4,0.6531767175087335,77.34384882083918,704.6069429753909
3992,69.25799275048627,5,0.30845668373124197,41.61374324334135,451.1229605291019
1036,48.40575556395691,5,0.7607201754952698,77.54462444303864,609.7807729457679
973,71.79217701421923,1,4.479595859293988,49.86935652475213,509.59850157542576
2944,70.24222217741999,5,0.8058991297119417,60.16546018356449,565.2333117660154
2674,65.24938684844169,5,2.853192973076098,68.05061798823755,598.8616879667736
442,75.40174384255111,2,1.2507172110931735,68.27688949367729,633.3194107585725
1457,88.31590313214423,1,3.454969534351826,72.33731740094417,692.3610478950791
2278,54.677215634330196,4,1.606004408797556,54.762895898885404,484.5722530084185
7787,84.20718101045604,4,2.428435396662832,66.72148305175573,646.364286024997
6288,58.28627244901705,2,0.29908075389381056,71.78039469805552,600.9420250383045
9650,78.40447412826933,2,0.34645025008454994,75.05605099548377,681.1490955100032
4120,68.08383036522697,5,1.4892977739164164,48.632000135467834,493.65033709638806
6988,69.56736929004147,5,1.7236583314739164,80.41274262831917,684.9693909572803
232,84.33076276191584,5,0.7559446457154555,77.63734676968204,712.42016068964
268,58.75670716815088,1,1.987956614165757,65.25754947931068,567.122428036707
8769,103.2612469320711,1,0.5380735912524425,67.01216003197837,705.9138028230427
2959,88.69219503715446,1,0.7797590235023449,54.806943540042,590.1493171935173
3147,64.88220108240975,1,1.2351136539148728,53.86996694092069,511.36898298508356
9246,65.51571454885757,2,0.28143474614003544,49.60078409938006,489.8922302239803
2956,73.96123946716443,1,0.8995945810109754,51.663847575382405,528.8438832228551
7083,73.09930387301954,3,1.4946739186686528,68.62921329311892,627.7957774926498
3854,80.21006860108875,1,1.193743341555719,58.20600972287383,583.0265260098012
4464,73.52604950595155,1,0.5029584830442145,46.29131072318911,493.7890876619929
2628,76.6835499868544,1,3.291485290439073,79.24675098635818,698.9273321516301
5219,75.10178733025812,4,0.9086462217174481,68.23966833932579,627.6393653698034
4864,69.42054013975118,5,0.24409778692373443,91.39669866440225,752.0455165680634
665,56.018270530449016,4,0.32396022890262355,67.88471180386273,570.7097626726033
1514,86.05482831796667,4,1.4033345497467402,81.5734713166336,742.6754207146564
241,98.24460762386713,3,1.339658306929557,104.44382923160157,916.7691826443063
4771,76.99180471104442,3,1.6457846069142732,84.39542829849023,729.5614993339416
6384,30.62610203525105,5,1.0835678047493493,60.73035685830402,451.08242084266953
7278,67.55337473659618,3,1.3407562596706117,67.85334957083386,604.0362167294722
7256,82.44378229569116,1,1.809241079355258,53.917869429152454,564.3168967427468
1347,70.57051664049452,4,0.22804700585199275,91.58891105929672,756.8587160887588
6940,65.0063266376407,3,1.3172024401050615,52.14511943867132,504.7331765574308
9487,77.83107500884965,3,3.515705380722295,69.02732594016048,643.0275105755327
8537,81.02724053030069,4,0.4775054685128437,72.43164202249925,670.4365775418241
180,76.82148286207473,2,3.096165330774994,76.70679378371186,686.3350298186449
2489,82.92820705148173,2,4.881465886722192,52.33948571303773,561.1748455469855
9230,73.97379053634445,4,2.126453152747666,42.63749188189875,472.6211139796986
4446,66.18768668526982,1,0.2425276409322701,69.83103467677184,613.4964875308716
6731,83.574467175437,3,0.39237596943556274,96.63542336163223,826.4603835756396
408,82.02118164257443,1,0.5916513941752438,68.94517067977472,654.8025672764722
3413,62.532824281274536,2,0.32312073044110645,72.71640837189022,615.1765819876327
6962,67.26378695696368,1,6.40432135241439,69.69190215347322,613.3126854720498
3555,64.66594396884466,5,2.0087281435626183,65.56731933079307,583.6033201765547
3913,78.68252094207926,5,2.7350810295577213,73.59086375120783,672.6248805573392
3553,90.24443894537742,4,0.43491973281089746,92.29128432140311,815.9650227365062
531,68.81819674741482,2,0.9052954941957431,78.49120650248673,673.278520423083
1925,67.16322334975743,1,1.4112799654718073,85.02969224259354,705.8367779337
2743,72.94737147761624,1,0.8172086390622244,66.07473444573033,611.1636092821792
7274,83.39384286502927,2,1.5546841584862579,87.32349610019077,771.8755832011375
382,78.08593791053033,2,1.2580848879764617,67.64019127831517,631.1476567324709
3805,54.07949613645498,5,7.616822325349966,50.96155618407012,463.41775367557653
3228,73.77408409411365,3,2.59499493463215,57.67492089677069,560.812560519335
7765,73.27882946364142,1,1.4995903910051829,69.16581765421812,626.3969899486532
1883,73.86955193989185,5,0.9011485339754978,86.01442939944596,732.6464149782211
7671,70.04666488319353,1,0.3630748918582788,72.46682213373711,641.4881560623469
5143,99.68980137676856,1,0.39917363139397527,68.34944024626861,701.8594181037184
1139,66.74132292809622,2,1.4375955700433651,57.779405280265216,540.3763799275681
3689,94.88242739540124,1,1.9973814197259199,79.19419480020512,755.1694343612021
9253,54.133280898509796,1,1.6704515909755675,50.10887304165916,457.23494560992054
5036,57.90371337209982,5,3.213688612129045,88.03466065307546,698.778945853862
6772,67.85842323097904,5,5.851640369197091,78.07593238796404,672.1510326778277
6158,64.8290899900075,1,0.43063659687750044,52.53482695805575,507.4330094059827
9689,46.80289481211001,2,0.8023722213731426,74.8794336143428,582.6188966152249
2405,89.36974961436013,1,3.1863760698101595,49.690455152461034,560.9905382707608
1371,70.676790758679,3,0.4904636938042686,67.10347595099728,609.6942776824015
130,81.63306046771649,1,0.07776652162274535,91.32687741092168,785.9514315598415
4462,78.67718815731196,3,0.6169289981791384,67.68843091671884,636.92029387148375
2028,71.23909362953742,2,1.0003995622484967,80.36603563970391,691.2566015095608
2340,53.93055272459537,2,11.873696545905322,64.89344131519123,547.6756332332267
7679,65.9145211989281,2,0.6475047202466105,70.41682128605103,615.166564481752
5463,84.52512838414593,4,0.38733396830601285,65.84999763326695,643.8621177259217
6984,65.98293888755828,1,0.4515989129132396,67.84612528002096,599.428915850919
8890,81.33896558118917,3,2.4673790282158192,62.190450018969905,613.7409642090787
7170,71.60917244037626,1,3.049818108183009,71.23265035098837,639.549737026652
7185,73.71051887306662,1,0.31677709631906786,96.03368831346384,793.8946077565017
6959,53.32658287373374,4,0.8791933252604258,52.161458757673294,470.16598873651094
493,79.40850706059716,2,0.6449004245090605,56.98238016403295,573.7960243463689
7516,39.384681689097036,3,2.4992755567909755,43.367016124484806,375.92312859090424
6950,88.70801548091433,1,0.566502975580413,59.90497144077544,620.7202534524919
7299,58.417573530774234,4,1.6833363780030723,81.06673792482962,657.2773082977203
3758,47.80641677493375,1,0.6909761866109538,67.31136833388172,546.2201923803821
9771,76.26851815600202,4,0.7159812018928787,55.050913899307744,552.5286968290616
4656,86.29931179092432,3,0.18721397368691706,49.7910643186061,555.3307418410317
2068,82.56220290704725,4,3.421957636249485,73.66082554206716,683.6673145037269
5538,73.16363677448636,3,0.6421338780295628,63.40375036080676,596.4118627622405
7586,92.33110650907429,3,2.3056892423100264,79.45654286459177,744.7323883322633
9871,59.96941614537058,4,4.602455312639909,68.92545091599784,588.86806138963
4169,61.02632116765435,1,6.34995757520447,75.03059281183639,629.7045483023173
2704,75.04301066132557,4,0.8377460176989147,56.28651197903981,558.1202423124037
5239,60.46417657935988,4,2.3958062425725317,67.64620473847927,584.6495803278383
4588,58.74274210441116,4,0.650517474304076,76.31224069165357,627.6667910469686
8053,86.50812544128397,5,1.2901824933922075,48.81080895278562,548.871251064445
1862,56.13025431146386,4,0.7638503875141783,64.11499875912811,548.8474334939912
3762,60.051511794002664,2,2.556343188106235,57.162576151253575,520.433377277099
1420,70.54767762847004,4,0.8158692691219467,60.39991933175353,568.1022431916548
8987,70.67442494338351,5,12.97130664980601,41.42141092703433,455.08845619961767
6457,68.08046787953619,1,2.5244054254594346,64.2702107218428,585.300273004407
104,69.6480175356304,4,1.0572741769463858,55.95477447234401,537.6543284960934
8230,89.1916948334938,4,1.7349998752869074,58.163042497534356,608.2275592662489
7466,52.528136360743446,5,5.885684378697782,88.81635696139752,685.2786345225225
4434,60.91768276806074,2,2.2212293699162613,85.28220529027209,692.2245763246538
8915,49.94299931188599,2,1.8487820215164665,64.36129131214778,529.0030948365223
5867,64.60703596059574,3,2.5156571188949624,87.31681102441367,713.1067398030589
7078,78.77659942757441,5,0.3909307767216671,74.77479915918212,679.2297759690451
8735,49.85721948754562,4,0.3393394872849051,59.01789890580559,497.5425465719675
9270,70.7581909167012,4,1.6476499989771538,62.316380195443415,581.6390363912872
2929,72.75603237039347,4,0.6180557855035513,49.123699155033364,508.29568333006273
4818,72.65207178254103,3,0.5993155276389162,59.641712512866704,570.0902735289352
9382,67.75760644140328,3,3.7523544538908524,87.47080081581264,722.8708815125101
2640,75.69025599840413,3,2.547908230686044,46.679990399303726,502.8587277468382
6664,82.50696959163005,3,3.9679456296147495,51.340415024042144,550.3733648778468
